dept_id,univ_id,department
001012,001,中國文學系
001022,001,外國語文學系
001032,001,歷史學系
001042,001,哲學系
001052,001,人類學系
001062,001,圖書資訊學系
001072,001,日本語文學系
001082,001,戲劇學系
001092,001,數學系
001102,001,物理學系
001112,001,化學系
001122,001,地質科學系
001132,001,心理學系
001142,001,地理環境資源學系
001152,001,大氣科學系
001162,001,政治學系政治理論組
001172,001,政治學系國際關係組
001182,001,政治學系公共行政組
001192,001,經濟學系A組
001202,001,經濟學系B組
001212,001,經濟學系C組
001222,001,社會學系
001232,001,社會工作學系
001242,001,醫學系
001252,001,醫學系(公費生)
001262,001,牙醫學系
001272,001,藥學系
001282,001,醫學檢驗暨生物技術學系
001292,001,護理學系
001302,001,物理治療學系
001312,001,職能治療學系
001322,001,土木工程學系
001332,001,機械工程學系
001342,001,化學工程學系
001352,001,工程科學及海洋工程學系
001362,001,材料科學與工程學系
001372,001,醫學工程學系
001382,001,農藝學系
001392,001,生物環境系統工程學系
001402,001,農業化學系
001412,001,森林環境暨資源學系
001422,001,動物科學技術學系
001432,001,農業經濟學系
001442,001,園藝暨景觀學系
001452,001,獸醫學系
001462,001,生物產業傳播暨發展學系
001472,001,生物機電工程學系
001482,001,昆蟲學系
001492,001,植物病理與微生物學系
001502,001,工商管理學系企業管理組
001512,001,工商管理學系科技管理組
001522,001,會計學系
001532,001,財務金融學系
001542,001,國際企業學系
001552,001,資訊管理學系
001562,001,資訊管理學系(資安組)
001572,001,公共衛生學系
001582,001,電機工程學系
001592,001,資訊工程學系
001602,001,資訊工程學系(APCS組)
001612,001,資訊工程學系(資安組)
001622,001,法律學系法學組
001632,001,法律學系司法組
001642,001,法律學系財經法學組
001652,001,生命科學系
001662,001,生化科技學系
001672,001,國際體育運動事務學士學位學程
001682,001,希望組甲組(文社法)
001692,001,希望組乙組(地理及生傳)
001702,001,希望組丙組(理)
001712,001,希望組丁組(生醫)
001722,001,希望組戊組(工電資)
001732,001,希望組己組(經管)
001742,001,希望組庚組(生農)
001752,001,希望組辛組(醫牙)
002012,002,教育學系
002022,002,教育心理與輔導學系
002032,002,社會教育學系
002042,002,社會教育學系(青年儲蓄帳戶組)
002052,002,健康促進與衛生教育學系
002062,002,幼兒與家庭科學學系家庭生活與教育組
002072,002,幼兒與家庭科學學系幼兒發展與教育組
002082,002,幼兒與家庭科學學系幼兒發展與教育組(青年儲蓄帳戶組)
002092,002,公民教育與活動領導學系
002102,002,特殊教育學系
002112,002,特殊教育學系(公費生)
002122,002,學習科學學士學位學程
002132,002,教育學院學士班
002142,002,教育學院學士班(青年儲蓄帳戶組)
002152,002,國文學系
002162,002,英語學系
002172,002,歷史學系
002182,002,地理學系
002192,002,臺灣語文學系
002202,002,數學系
002212,002,數學系(公費生)
002222,002,物理學系
002232,002,物理學系國際組
002242,002,化學系
002252,002,生命科學系
002262,002,地球科學系
002272,002,資訊工程學系
002282,002,資訊工程學系(APCS組)
002292,002,資訊工程學系(資安組)
002302,002,營養科學學士學位學程
002312,002,科技應用與人力資源發展學系
002322,002,圖文傳播學系
002332,002,機電工程學系
002342,002,電機工程學系
002352,002,光電工程學士學位學程
002362,002,華語文教學系應用華語文學組
002372,002,東亞學系
002382,002,企業管理學系
002392,002,設計學系產品設計組
002402,002,晨光招生(學習科學學士學位學程)
002412,002,晨光招生(生命科學系)
002422,002,晨光招生(光電工程學士學位學程)
002432,002,晨光招生(企業管理學系)
002442,002,晨光招生(表演藝術學士學位學程)
002452,002,音樂學系
002462,002,表演藝術學士學位學程
002472,002,設計學系視覺設計組
002482,002,美術學系繪畫組
002492,002,美術學系水墨畫組
002502,002,體育與運動科學系
002512,002,體育與運動科學系(公費生A組)
002522,002,體育與運動科學系(公費生B組)
003012,003,中國文學系
003022,003,外國語文學系
003032,003,歷史學系
003042,003,台灣人文創新學士學位學程
003052,003,財務金融學系
003062,003,企業管理學系
003072,003,資訊管理學系
003082,003,資訊管理學系(APCS組)
003092,003,會計學系
003102,003,行銷學系
003112,003,應用經濟學系
003122,003,法律學系
003132,003,化學系
003142,003,物理學系一般物理組
003152,003,物理學系光電物理組
003162,003,應用數學系應用數學組
003172,003,應用數學系數據科學與計算組
003182,003,應用數學系數據科學與計算組(資安組)
003192,003,機械工程學系
003202,003,土木工程學系
003212,003,環境工程學系
003222,003,化學工程學系
003232,003,材料科學與工程學系
003242,003,智慧創意工程學士學位學程
003252,003,電機工程學系
003262,003,資訊工程學系
003272,003,資訊工程學系(APCS組)
003282,003,資訊工程學系(資安組)
003292,003,電機資訊學院學士班
003302,003,生物產業機電工程學系
003312,003,水土保持學系
003322,003,食品暨應用生物科技學系
003332,003,農藝學系
003342,003,園藝學系
003352,003,森林學系林學組
003362,003,森林學系木材科學組
003372,003,植物病理學系
003382,003,昆蟲學系
003392,003,動物科學系
003402,003,土壤環境科學系
003412,003,生物科技學士學位學程
003422,003,景觀與遊憩學士學位學程
003432,003,國際農企業學士學位學程
003442,003,生命科學系
003452,003,獸醫學系
003462,003,興翼招生A組(商學管理)
003472,003,興翼招生B組(文史法律)
003482,003,興翼招生C組(化學數學)
003492,003,興翼招生D組(化材電資暨工程)
003502,003,興翼招生E組(生物資源暨農業科技)
003512,003,興翼招生F組(生物科技暨獸醫)
004012,004,中國文學系
004022,004,外國語文學系
004032,004,歷史學系
004042,004,台灣文學系
004052,004,數學系
004062,004,物理學系
004072,004,化學系
004082,004,地球科學系
004092,004,光電科學與工程學系
004102,004,機械工程學系
004112,004,機械工程學系(普渡雙聯組)
004122,004,化學工程學系
004132,004,材料科學及工程學系
004142,004,資源工程學系
004152,004,土木工程學系
004162,004,水利及海洋工程學系
004172,004,工程科學系
004182,004,系統及船舶機電工程學系
004192,004,航空太空工程學系
004202,004,能源工程國際學士學位學程
004212,004,環境工程學系
004222,004,測量及空間資訊學系
004232,004,生物醫學工程學系
004242,004,工業與資訊管理學系
004252,004,工業與資訊管理學系(APCS組)
004262,004,交通管理科學系
004272,004,統計學系
004282,004,會計學系
004292,004,企業管理學系
004302,004,醫學系
004312,004,醫學系(公費生)
004322,004,牙醫學系
004332,004,醫學檢驗生物技術學系
004342,004,護理學系
004352,004,物理治療學系
004362,004,職能治療學系
004372,004,藥學系
004382,004,政治學系
004392,004,經濟學系
004402,004,法律學系
004412,004,心理學系
004422,004,電機工程學系
004432,004,電機工程學系(普渡雙聯組)
004442,004,資訊工程學系
004452,004,資訊工程學系(智慧系統組)
004462,004,資訊工程學系(普渡雙聯組)
004472,004,建築學系
004482,004,都市計劃學系
004492,004,工業設計學系
004502,004,生命科學系
004512,004,生物科技與產業科學系
004522,004,生物科技與產業科學系(APCS組)
004532,004,全校不分系學士學位學程
004542,004,成星招生甲組(文社)
004552,004,成星招生乙組(管理)
004562,004,成星招生丙組(理)
004572,004,成星招生丁組(工)
004582,004,成星招生戊組(生醫)
005012,005,中國文學系
005022,005,歷史學系
005032,005,哲學系
005042,005,政治學系
005052,005,社會學系
005062,005,社會工作學系
005072,005,英文學系
005082,005,日本語文學系
005092,005,德國文化學系
005102,005,數學系
005112,005,物理學系
005122,005,化學系
005132,005,微生物學系
005142,005,心理學系
005152,005,法律學系
005162,005,經濟學系
005172,005,會計學系
005182,005,企業管理學系
005192,005,國際經營與貿易學系
005202,005,財務工程與精算數學系
005212,005,資訊管理學系
005222,005,資訊管理學系(APCS組)
005232,005,資料科學系
005242,005,音樂學系
006012,006,中國文學系
006022,006,歷史學系
006032,006,哲學系
006042,006,教育學系
006052,006,政治學系
006062,006,社會學系
006072,006,財政學系
006082,006,公共行政學系
006092,006,地政學系土地資源規劃組
006102,006,地政學系土地管理組
006112,006,地政學系土地測量與資訊組
006122,006,經濟學系
006132,006,民族學系
006142,006,外交學系
006152,006,國際經營與貿易學系
006162,006,金融學系
006172,006,會計學系
006182,006,統計學系(甲組)
006192,006,統計學系(乙組)
006202,006,企業管理學系
006212,006,資訊管理學系
006222,006,財務管理學系
006232,006,風險管理與保險學系
006242,006,傳播學院大一大二不分系(社會組)
006252,006,傳播學院大一大二不分系(自然組)
006262,006,英國語文學系
006272,006,阿拉伯語文學系
006282,006,斯拉夫語文學系
006292,006,日本語文學系
006302,006,韓國語文學系
006312,006,土耳其語文學系
006322,006,歐洲語文學系法文組
006332,006,歐洲語文學系德文組
006342,006,歐洲語文學系西班牙文組
006352,006,東南亞語文學系越文組
006362,006,東南亞語文學系泰文組
006372,006,東南亞語文學系印尼文組
006382,006,法律學系
006392,006,應用數學系
006402,006,心理學系
006412,006,資訊科學系
006422,006,資訊科學系(APCS組)
006432,006,資訊科學系(資安組)
006442,006,創新國際學院學士班
006452,006,政星招生(甲組)
006462,006,政星招生(乙組)
007012,007,醫學系
007022,007,運動醫學系
007032,007,呼吸治療學系
007042,007,牙醫學系
007052,007,口腔衛生學系
007062,007,藥學系
007072,007,香粧品學系
007082,007,護理學系
007092,007,公共衛生學系
007102,007,醫學檢驗生物技術學系
007112,007,醫學影像暨放射科學系
007122,007,職能治療學系
007132,007,物理治療學系
007142,007,醫務管理暨醫療資訊學系
007152,007,醫務管理暨醫療資訊學系(APCS組)
007162,007,醫藥暨應用化學系應用化學組
007172,007,醫藥暨應用化學系醫藥化學組
007182,007,生物醫學暨環境生物學系
007192,007,生物科技學系
007202,007,生命科學院學士班
007212,007,心理學系
007222,007,醫學社會學與社會工作學系
007232,007,薪火招生A1組(醫學系)
007242,007,薪火招生A2組(牙醫學系)
007252,007,薪火招生A3組(藥學系)
007262,007,薪火招生B組(醫事證照類)
007272,007,薪火招生C組(運醫、醫化與香粧品學系)
007282,007,薪火招生D組(人文社會科學類)
007292,007,薪火招生E組(生命科學類)
007302,007,薪火招生F組(口衛、公衛與醫管資學系)
007312,007,醫學系(公費生)
008012,008,應用數學系
008022,008,物理學系物理組
008032,008,物理學系光電與材料科學組
008042,008,化學系化學組
008052,008,化學系材料化學組
008062,008,心理學系
008072,008,生物科技學系
008082,008,化學工程學系綠能製程組
008092,008,化學工程學系生化工程組
008102,008,化學工程學系材料工程組
008112,008,土木工程學系
008122,008,機械工程學系
008132,008,生物醫學工程學系
008142,008,環境工程學系
008152,008,電機資訊學院學士班
008162,008,工業與系統工程學系工程組
008172,008,工業與系統工程學系管理組
008182,008,電子工程學系
008192,008,資訊工程學系
008202,008,電機工程學系
008212,008,中原大學美國威大密爾瓦基分校電機與資訊工程雙學士學位學程
008222,008,電機資訊學院智慧運算與大數據學士班
008232,008,企業管理學系服務業管理組
008242,008,企業管理學系高科技業管理組
008252,008,企業管理學系工商管理組
008262,008,國際經營與貿易學系
008272,008,會計學系
008282,008,資訊管理學系
008292,008,財務金融學系
008302,008,中原大學與美國天普大學商學管理雙學士學位學程
008312,008,財經法律學系財貿法組
008322,008,財經法律學系科技法組
008332,008,建築學系
008342,008,室內設計學系
008352,008,商業設計學系商業設計組
008362,008,商業設計學系產品設計組乙類
008372,008,地景建築學系
008382,008,英國牛津布魯克斯大學建築及都市設計雙學士學位學程
008392,008,特殊教育學系
008402,008,應用外國語文學系
008412,008,應用華語文學系
008422,008,商業設計學系產品設計組甲類
009012,009,中國文學系
009022,009,外國語文學系
009032,009,歷史學系
009042,009,日本語言文化學系
009052,009,哲學系
009062,009,應用物理學系
009072,009,化學系化學組
009082,009,化學系化學生物組
009092,009,生命科學系生物醫學組
009102,009,生命科學系生態暨生物多樣性組
009112,009,智慧計算暨應用數學系(A組)
009122,009,智慧計算暨應用數學系(B組)
009132,009,化學工程與材料工程學系
009142,009,工業工程與經營資訊學系(智慧設計與生產組)
009152,009,工業工程與經營資訊學系(智慧經營與管理組)
009162,009,環境科學與工程學系
009172,009,資訊工程學系
009182,009,資訊工程學系(APCS組)
009192,009,電機工程學系
009202,009,企業管理學系
009212,009,國際經營與貿易學系
009222,009,會計學系
009232,009,財務金融學系
009242,009,統計學系(巨量資料管理組)
009252,009,統計學系(決策管理組)
009262,009,資訊管理學系
009272,009,經濟學系
009282,009,政治學系
009292,009,行政管理暨政策學系
009302,009,社會學系
009312,009,社會工作學系
009322,009,畜產與生物科技學系
009332,009,食品科學系
009342,009,餐旅管理學系
009352,009,高齡健康與運動科學學士學位學程
009362,009,建築學系
009372,009,工業設計學系(A組)
009382,009,工業設計學系(B組)
009392,009,景觀學系
009402,009,法律學系
009412,009,國際學院國際經營管理學位學程
009422,009,永續科學與管理學士學位學程
009432,009,音樂學系(演奏唱組)
009442,009,音樂學系(音樂治療組)
009452,009,美術學系
011012,011,中國文學系甲組(一般組)
011022,011,中國文學系乙組(華語文教學組)
011032,011,外國語文學系
011042,011,人文社會學院學士班
011052,011,教育與學習科技學系
011062,011,幼兒教育學系
011072,011,教育心理與諮商學系
011082,011,教育心理與諮商學系(公費生甲組)
011092,011,教育心理與諮商學系(公費生乙組)
011102,011,特殊教育學系
011112,011,英語教學系
011122,011,竹師教育學院學士班
011132,011,環境與文化資源學系
011142,011,經濟學系
011152,011,科技管理學院學士班
011162,011,計量財務金融學系
011172,011,數學系甲組(數學組)
011182,011,數學系乙組(應用數學組)
011192,011,物理學系物理組(甲組一般組)
011202,011,物理學系物理組(乙組天文物理組)
011212,011,物理學系光電物理組
011222,011,化學系
011232,011,理學院學士班
011242,011,生醫工程與環境科學系
011252,011,工程與系統科學系甲組(低碳綠能組)
011262,011,工程與系統科學系乙組(智慧奈米系統組)
011272,011,原子科學院學士班
011282,011,化學工程學系
011292,011,動力機械工程學系
011302,011,材料科學工程學系
011312,011,工業工程與工程管理學系
011322,011,工學院學士班
011332,011,電機工程學系甲組
011342,011,電機工程學系乙組
011352,011,資訊工程學系甲組(電子資訊組)
011362,011,資訊工程學系乙組(資訊工程組)
011372,011,資訊工程學系丙組(人工智慧組)
011382,011,資訊工程學系(APCS組)
011392,011,電機資訊學院學士班
011402,011,生命科學系
011412,011,醫學科學系
011422,011,生命科學暨醫學院學士班
011432,011,清華學院學士班甲組(不分系招生–創新設計)
011442,011,清華學院學士班乙組(青年儲蓄帳戶組)
011452,011,旭日招生甲組(人文、教育)
011462,011,旭日招生乙組(科管)
011472,011,旭日招生丙組(理工、原科、生科)
011482,011,旭日招生丁組(電資院)
011492,011,運動科學系
011502,011,藝術學院學士班(科技藝術組)
011512,011,藝術學院學士班(音樂組)
011522,011,藝術學院學士班(藝設跨域組)
011532,011,音樂學系
011542,011,藝術與設計學系創作組
011552,011,藝術與設計學系設計組
012012,012,牙醫學系
012022,012,醫學系
012032,012,中醫學系甲組
012042,012,中醫學系乙組
012052,012,藥學系
012062,012,護理學系
012072,012,醫學檢驗生物技術學系
012082,012,營養學系
012092,012,物理治療學系
012102,012,生物科技學系
012112,012,運動醫學系
012122,012,中國藥學暨中藥資源學系
012132,012,藥用化妝品學系
012142,012,生物醫學影像暨放射科學學系
012152,012,公共衛生學院大一不分系
012162,012,生物醫學工程學系
012172,012,醫療資訊學系
013012,013,電機工程學系甲組(電資國際組)
013022,013,電機工程學系乙組(電機工程組)
013032,013,電機工程學系丙組(醫學電資組)
013042,013,光電工程學系甲組(智慧系統組)
013052,013,光電工程學系乙組(半導體光電組)
013062,013,資訊工程學系(甲組)
013072,013,資訊工程學系(乙組)
013082,013,資訊工程學系(APCS組)
013092,013,資訊工程學系(資安組)
013102,013,半導體工程學系固態電子組
013112,013,半導體工程學系奈米科學組
013122,013,材料科學與工程學系
013132,013,機械工程學系
013142,013,土木工程學系甲組(科技暨基礎建設永續發展組)
013152,013,土木工程學系乙組(科技暨基礎建設永續發展國際組)
013162,013,理學院科學學士學位學程(乙組)
013172,013,理學院科學學士學位學程(丙組)
013182,013,電子物理學系光電與奈米科學組
013192,013,電子物理學系電子物理組
013202,013,應用化學系
013212,013,應用數學系
013222,013,生物科技學系(甲組)
013232,013,生物科技學系(乙組)
013242,013,資訊管理與財務金融學系資訊管理組
013252,013,資訊管理與財務金融學系財務金融組
013262,013,管理科學系
013272,013,運輸與物流管理學系
013282,013,工業工程與管理學系
013292,013,外國語文學系甲組(跨域人文組)
013302,013,外國語文學系乙組(語言科學組)
013312,013,傳播與科技學系
013322,013,人文社會學系
013332,013,屯蒙-電機資訊組
013342,013,屯蒙-工程組
013352,013,屯蒙-理學生物科技組
013362,013,屯蒙-管理組
013372,013,屯蒙-人文社會組
013382,013,屯蒙-醫學組
013392,013,屯蒙-牙醫組
013402,013,屯蒙-醫事證照組
013412,013,屯蒙-生醫科學組
013422,013,醫學系醫師組
013432,013,醫學系醫師科學家組
013442,013,醫學系醫師工程師組
013452,013,醫學系(公費生)
013462,013,牙醫學系
013472,013,醫學生物技術暨檢驗學系(生技及檢驗醫學組)
013482,013,醫學生物技術暨檢驗學系(資訊及精準醫學組)
013492,013,生物醫學影像暨放射科學系
013502,013,護理學系
013512,013,物理治療暨輔助科技學系
013522,013,生命科學系暨基因體科學研究所(生物醫學科學組)
013532,013,生命科學系暨基因體科學研究所(生醫光電與資訊組)
013542,013,生物醫學工程學系
013552,013,藥學系
013562,013,學士班大一大二不分系
013572,013,中醫學系
014012,014,中國文學學系
014022,014,歷史學系
014032,014,資訊與圖書館學系
014042,014,大眾傳播學系
014052,014,資訊傳播學系
014062,014,教育科技學系
014072,014,教育與未來設計學系
014082,014,英文學系
014092,014,英文學系全英語學士班
014102,014,歐洲語文學系法文組
014112,014,歐洲語文學系德文組
014122,014,歐洲語文學系西文組
014132,014,歐洲語文學系俄文組
014142,014,日本語文學系
014152,014,財務金融學系
014162,014,財務金融學系全球財務管理全英語學士班
014172,014,國際企業學系經貿管理組
014182,014,國際企業學系國際商學全英語組
014192,014,風險管理與保險學系
014202,014,經濟學系
014212,014,會計學系
014222,014,企業管理學系
014232,014,企業管理學系全英語學士班
014242,014,統計與資料科學學系
014252,014,資訊管理學系
014262,014,運輸管理學系
014272,014,公共行政學系
014282,014,管理科學學系
014292,014,外交與國際關係學系全英語學士班
014302,014,國際觀光管理學系全英語學士班
014312,014,全球政治經濟學系全英語學士班
014322,014,應用數學與數據科學學系
014332,014,化學學系
014342,014,物理學系(量子材料組)
014352,014,物理學系(天文與基礎物理組)
014362,014,建築學系
014372,014,土木工程學系
014382,014,資訊工程學系
014392,014,資訊工程學系全英語學士班
014402,014,機械與機電工程學系
014412,014,電機工程學系電機資訊組
014422,014,電機工程學系電機通訊組
014432,014,電機工程學系電機與系統組
014442,014,化學工程與材料工程學系
014452,014,航空太空工程學系
014462,014,水資源及環境工程學系
014472,014,人工智慧學系
014482,014,資訊工程學系(APCS組)
014492,014,電機工程學系電機資訊組(APCS組)
014502,014,人工智慧學系(APCS組)
014512,014,資訊管理學系(APCS組)
014522,014,建築學系(青年儲蓄帳戶組)
015012,015,機械與電腦輔助工程學系
015022,015,纖維與複合材料學系
015032,015,工業工程與系統管理學系A組
015042,015,工業工程與系統管理學系B組
015052,015,化學工程學系
015062,015,航太與系統工程學系
015072,015,精密系統設計學士學位學程
015082,015,應用數學系A組
015092,015,應用數學系B組
015102,015,材料科學與工程學系
015112,015,環境工程與科學學系
015122,015,光電科學與工程學系
015132,015,會計學系
015142,015,國際經營與貿易學系
015152,015,國際企業管理全英語學士學位學程
015162,015,財稅學系
015172,015,合作經濟暨社會事業經營學系
015182,015,統計學系商業大數據組
015192,015,統計學系大數據分析與市場決策組
015202,015,經濟學系
015212,015,企業管理學系
015222,015,行銷學系
015232,015,中國文學系
015242,015,外國語文學系
015252,015,資訊工程學系
015262,015,資訊工程學系(APCS組)
015272,015,資訊工程學系(資安組)
015282,015,電子工程學系
015292,015,電機工程學系
015302,015,自動控制工程學系
015312,015,資訊電機學院學士班
015322,015,通訊工程學系
015332,015,土木工程學系
015342,015,水利工程與資源保育學系
015352,015,都市計畫與空間資訊學系
015362,015,運輸與物流學系
015372,015,土地管理學系
015382,015,財務金融學系
015392,015,風險管理與保險學系
015402,015,財務工程與精算學士學位學程
015412,015,金融學院學士班
015422,015,室內設計學士學位學程
015432,015,建築專業學院學士班
015442,015,澳洲墨爾本皇家理工大學商學與創新雙學士學位學程
015452,015,澳洲昆士蘭大學商學雙學士學位學程
015462,015,澳洲新南威爾斯大學設計雙學士學位學程
015472,015,澳洲昆士蘭大學電機工程雙學士學位學程
015482,015,澳洲蒙納許大學資訊工程雙學士學位學程
015492,015,美國加州聖荷西州立大學商學大數據分析雙學士學位學程
015502,015,美國加州聖荷西州立大學電機工程雙學士學位學程
015512,015,美國加州舊金山州立大學資訊工程雙學士學位學程
015522,015,人工智慧技術與應用學士學位學程
016012,016,中國文學系
016022,016,英美語文學系
016032,016,法國語文學系
016042,016,文學院學士班
016052,016,數學系數學科學組
016062,016,數學系計算與資料科學組
016072,016,物理學系
016082,016,化學學系
016092,016,光電科學與工程學系
016102,016,理學院學士班
016112,016,土木工程學系
016122,016,機械工程學系先進材料與精密製造組
016132,016,機械工程學系光機電工程組
016142,016,機械工程學系設計與分析組
016152,016,化學工程與材料工程學系
016162,016,工學院學士班
016172,016,企業管理學系
016182,016,資訊管理學系
016192,016,資訊管理學系(APCS組)
016202,016,經濟學系
016212,016,財務金融學系
016222,016,電機工程學系
016232,016,資訊工程學系
016242,016,資訊工程學系(APCS組)
016252,016,資訊工程學系(資安組)
016262,016,通訊工程學系
016272,016,資訊電機學院學士班
016282,016,大氣科學學系
016292,016,太空科學與工程學系
016302,016,地球科學學系
016312,016,地球科學學院學士班
016322,016,客家語文暨社會科學學系客家語文及傳播組
016332,016,客家語文暨社會科學學系客家社會及政策組
016342,016,生命科學系
016352,016,生醫科學與工程學系
016362,016,向日葵聯合招生甲組(電資)
016372,016,向日葵聯合招生乙組(商管)
016382,016,向日葵聯合招生丙組(理學)
016392,016,向日葵聯合招生丁組(工程)
016402,016,向日葵聯合招生戊組(人社)
017012,017,哲學系
017022,017,中國文學系
017032,017,史學系
017042,017,日本語文學系
017052,017,韓國語文學系
017062,017,歐美語文學系
017072,017,全球商務學士學位學程
017082,017,應用數學系
017092,017,光電物理學系
017102,017,化學系
017112,017,地理學系
017122,017,大氣與地質科學系
017132,017,生命科學系
017142,017,法律學系
017152,017,政治學系
017162,017,經濟學系
017172,017,勞動暨人力資源學系
017182,017,社會福利學系
017192,017,行政管理學系
017202,017,園藝暨生物技術學系
017212,017,動物科學系
017222,017,森林暨自然保育學系
017232,017,土地資源學系
017242,017,生活應用科學系
017252,017,保健營養學系
017262,017,化學工程與材料工程學系
017272,017,電機工程學系
017282,017,機械工程學系
017292,017,紡織科技創新與應用工程學系
017302,017,資訊工程學系
017312,017,國際貿易學系
017322,017,國際企業管理學系
017332,017,會計學系
017342,017,觀光事業學系
017352,017,資訊管理學系(智慧商務科技組)
017362,017,資訊管理學系(人工智慧組)
017372,017,財務金融學系金融行銷組
017382,017,財務金融學系財務金融組
017392,017,財務金融學系數位金融組
017402,017,行銷學士學位學程
017412,017,新聞學系
017422,017,廣告學系
017432,017,資訊傳播學系
017442,017,大眾傳播學系
017452,017,都市計劃與開發管理學系
017462,017,建築及都市設計學系
017472,017,景觀學系
017482,017,教育與學習科技學系
017492,017,心理輔導學系
017502,017,戲劇學系
017512,017,中國戲劇學系
017522,017,音樂學系(西樂A組)
017532,017,音樂學系(西樂B組)
017542,017,音樂學系(國樂組)
017552,017,美術學系
018012,018,英國語文學系
018022,018,西班牙語文學系
018032,018,日本語文學系
018042,018,中國文學系
018052,018,社會工作與兒童少年福利學系
018062,018,台灣文學系
018072,018,法律學系
018082,018,生態人文學系
018092,018,大眾傳播學系
018102,018,財務工程學系
018112,018,應用化學系
018122,018,食品營養學系
018132,018,化粧品科學系
018142,018,資料科學暨大數據分析與應用學系
018152,018,永續環境與智慧科技學士學位學程
018162,018,行銷與數位經營管理學系
018172,018,國際企業學系
018182,018,會計學系
018192,018,觀光事業學系
018202,018,財務金融學系
018212,018,資訊管理學系(人工智慧應用組)
018222,018,資訊管理學系(智慧商務與大數據應用組)
018232,018,資訊管理學系(APCS組)
018242,018,資訊管理學系(資安組)
018252,018,資訊工程學系
018262,018,資訊工程學系(APCS組)
018272,018,資訊工程學系(資安組)
018282,018,人工智慧應用學系
018292,018,人工智慧應用學系(APCS組)
018302,018,人工智慧應用學系(資安組)
018312,018,晶片設計學士學位學程
018322,018,寰宇管理學士學位學程
018332,018,寰宇外語教育學士學位學程
018342,018,智慧媒體與創新科技應用學士學位學程
019012,019,機械與材料工程學系
019022,019,化學工程與生物科技學系
019032,019,工程學院學士班
019042,019,電機工程學系
019052,019,資訊工程學系
019062,019,事業與資訊經營學系
019072,019,應用外語學系
019082,019,工業設計學系
019092,019,數位媒體設計學系互動媒體設計組
019102,019,數位媒體設計學系數位遊戲設計組
019112,019,電機工程學系(青年儲蓄帳戶組)
020012,020,中國文學系
020022,020,歷史學系
020032,020,哲學系
020042,020,人文與社區創新學士學位學程
020052,020,景觀設計學系
020062,020,景觀設計學系(青年儲蓄帳戶組)
020072,020,影像傳播學系
020082,020,新聞傳播學系
020092,020,廣告傳播學系
020102,020,圖書資訊學系
020112,020,教育領導與科技發展學士學位學程
020122,020,護理學系
020132,020,公共衛生學系
020142,020,公共衛生學系(青年儲蓄帳戶組)
020152,020,醫學系
020162,020,醫學系(公費生)
020172,020,臨床心理學系
020182,020,職能治療學系
020192,020,呼吸治療學系
020202,020,數學系資訊數學組
020212,020,數學系應用數學組
020222,020,化學系
020232,020,資訊工程學系
020242,020,資訊工程學系(APCS組)
020252,020,生命科學系
020262,020,生命科學系(青年儲蓄帳戶組)
020272,020,物理學系電子物理組
020282,020,物理學系光電物理組
020292,020,電機工程學系
020302,020,電機工程學系(APCS組)
020312,020,醫學資訊與創新應用學士學位學程
020322,020,醫學資訊與創新應用學士學位學程(資安組)
020332,020,人工智慧與資訊安全學士學位學程
020342,020,人工智慧與資訊安全學士學位學程(資安組)
020352,020,英國語文學系
020362,020,法國語文學系
020372,020,西班牙語文學系
020382,020,日本語文學系
020392,020,義大利語文學系
020402,020,德語語文學系
020412,020,國際溝通與科技創新學士學位學程
020422,020,織品服裝學系織品設計組
020432,020,織品服裝學系服飾設計組
020442,020,織品服裝學系織品服飾行銷組
020452,020,餐旅管理學系
020462,020,兒童與家庭學系
020472,020,食品科學系
020482,020,營養科學系
020492,020,法律學系
020502,020,財經法律學系
020512,020,企業管理學系
020522,020,會計學系
020532,020,資訊管理學系
020542,020,資訊管理學系(APCS組)
020552,020,統計資訊學系
020562,020,金融與國際企業學系
020572,020,社會學系
020582,020,社會工作學系
020592,020,經濟學系
020602,020,宗教學系
020612,020,心理學系
020622,020,天主教研修學士學位學程
020632,020,音樂學系應用音樂組
020642,020,音樂學系器樂組
020652,020,音樂學系爵士音樂組
020662,020,應用美術學系
020672,020,體育學系體育學組
020682,020,體育學系運動健康管理組
021012,021,商船學系
021022,021,航運管理學系
021032,021,運輸科學系A組
021042,021,運輸科學系B組
021052,021,輪機工程學系
021062,021,食品科學系
021072,021,水產養殖學系
021082,021,生命科學暨生物科技學系
021092,021,系統工程暨造船學系
021102,021,河海工程學系
021112,021,機械與機電工程學系
021122,021,海洋環境資訊系
021132,021,環境生物與漁業科學學系
021142,021,電機工程學系
021152,021,電機工程學系(青年儲蓄帳戶組)
021162,021,資訊工程學系
021172,021,資訊工程學系(APCS組)
021182,021,資訊工程學系(資安組)
021192,021,通訊與導航工程學系
021202,021,光電與材料科技學系
021212,021,海洋觀光管理學士學位學程
021222,021,海洋觀光管理學士學位學程(青年儲蓄帳戶組)
021232,021,海洋法政學士學位學程
021242,021,海洋法政學士學位學程(青年儲蓄帳戶組)
021252,021,海洋文創設計產業學士學位學程
021262,021,海洋經營管理學士學位學程
021272,021,海洋工程科技學士學位學程
021282,021,海洋生物科技學士學位學程
022012,022,國文學系
022022,022,英語學系
022032,022,地理學系
022042,022,數學系數學組
022052,022,數學系應用數學組
022062,022,化學系
022072,022,物理學系
022082,022,生物科技系
022092,022,教育學系
022102,022,特殊教育學系
022112,022,事業經營學系
022122,022,工業科技教育學系科技教育與訓練組
022132,022,工業科技教育學系能源與冷凍空調組
022142,022,工業設計學系(A組)
022152,022,工業設計學系(B組)
022162,022,電機工程學系
022172,022,電子工程學系
022182,022,軟體工程與管理學系
022192,022,軟體工程與管理學系(APCS組)
022202,022,軟體工程與管理學系(資安組)
022212,022,音樂學系
022222,022,美術學系
022232,022,視覺設計學系
022242,022,體育學系
023012,023,輔導與諮商學系學校輔導與諮商組
023022,023,輔導與諮商學系社區輔導與諮商組
023032,023,特殊教育學系
023042,023,數學系
023052,023,物理學系物理組
023062,023,物理學系光電組
023072,023,生物學系
023082,023,化學系
023092,023,英語學系
023102,023,國文學系
023112,023,地理學系
023122,023,機電工程學系
023132,023,電機工程學系
023142,023,電子工程學系
023152,023,資訊工程學系
023162,023,資訊工程學系(APCS組)
023172,023,資訊工程學系(公費生)
023182,023,企業管理學系
023192,023,會計學系
023202,023,資訊管理學系資訊管理組
023212,023,資訊管理學系數位內容科技與管理組
023222,023,公共事務與公民教育學系公民教育組
023232,023,公共事務與公民教育學系公共事務組
023242,023,揚鷹招生A組(教社)
023252,023,揚鷹招生B組(文)
023262,023,揚鷹招生C組(管理)
023272,023,揚鷹招生D組(理)
023282,023,揚鷹招生E組(工)
023292,023,美術學系
023302,023,美術學系(公費生)
023312,023,運動學系(競技運動與表演藝術組)
023322,023,運動學系(運動健康組)
026012,026,醫學系
026022,026,牙醫學系
026032,026,物理治療學系
026042,026,職能治療學系
026052,026,語言治療與聽力學系語言治療組
026062,026,語言治療與聽力學系聽力組
026072,026,生物醫學科學學系
026082,026,視光學系
026092,026,醫學影像暨放射科學系
026102,026,心理學系
026112,026,營養學系(A組)
026122,026,營養學系(B組)
026132,026,職業安全衛生學系
026142,026,醫學應用化學系(A組)
026152,026,醫學應用化學系(B組)
026162,026,健康產業科技管理學系
026172,026,護理學系
026182,026,醫學檢驗暨生物技術學系
026192,026,應用外國語言學系
026202,026,公共衛生學系(A組)
026212,026,公共衛生學系(B組)
026222,026,醫學社會暨社會工作學系
026232,026,醫學資訊學系
026242,026,醫學資訊學系(APCS組)
026252,026,醫療產業科技管理學系
027012,027,中國文學系
027022,027,外國語文學系
027032,027,劇場藝術學系
027042,027,生物科學系
027052,027,生物科學系英語組
027062,027,化學系
027072,027,化學系英語組
027082,027,物理學系
027092,027,物理學系量子科技組(全英)
027102,027,應用數學系
027112,027,應用數學系英語組
027122,027,電機工程學系
027132,027,電機工程學系全英語組
027142,027,電機工程學系(APCS組)
027152,027,機械與機電工程學系
027162,027,機械與機電工程學系全英語組
027172,027,資訊工程學系
027182,027,資訊工程學系全英語學士班
027192,027,光電工程學系
027202,027,光電工程學系全英語組
027212,027,材料與光電科學學系
027222,027,材料與光電科學學系全英語組
027232,027,企業管理學系
027242,027,資訊管理學系
027252,027,財務管理學系
027262,027,國際經營管理全英語學士學位學程
027272,027,海洋生物科技暨資源學系
027282,027,海洋環境及工程學系
027292,027,海洋科學系
027302,027,政治經濟學系
027312,027,社會學系
027322,027,人文暨科技跨領域學士學位學程
027332,027,生物醫學科技學系全英語學士班生物醫學組
027342,027,生物醫學科技學系全英語學士班生醫工程組
027352,027,護理學系
027362,027,西灣南星A組(文)
027372,027,西灣南星B組(管)
027382,027,西灣南星C組(理)
027392,027,西灣南星D組(工)
027402,027,西灣南星E組(海)
027412,027,西灣南星F組(社)
027422,027,西灣南星G組(西灣)
027432,027,西灣南星H組(醫)
027442,027,音樂學系
027452,027,音樂學系創作與應用組
028012,028,音樂與影像跨域學士學位學程
028022,028,劇場設計學系
028032,028,新媒體藝術學系
030012,030,醫學系
030022,030,醫學系(公費生)
030032,030,中醫學系
030042,030,護理學系
030052,030,醫學生物技術暨檢驗學系
030062,030,醫學影像暨放射科學系
030072,030,物理治療學系
030082,030,職能治療學系
030092,030,生物醫學系
030102,030,呼吸治療學系
030112,030,電機工程學系
030122,030,機械工程學系
030132,030,化工與材料工程學系(化學工程組)
030142,030,化工與材料工程學系(材料工程組)
030152,030,電子工程學系
030162,030,資訊工程學系
030172,030,生物醫學工程學系
030182,030,生物醫學工程學系(國際雙聯學位組)
030192,030,人工智慧學系
030202,030,醫務管理學系
030212,030,工商管理學系
030222,030,工業設計學系
030232,030,工業設計學系(青年儲蓄帳戶組)
030242,030,資訊管理學系
030252,030,資訊管理學系(資安組)
030262,030,數位金融科技學系(甲組)
030272,030,數位金融科技學系(乙組)
031012,031,全校不分系學士學位學程
031022,031,教育學系
031032,031,特殊教育學系
031042,031,幼兒教育學系
031052,031,柳川招生組
031062,031,體育學系非運動專長組
031072,031,語文教育學系
031082,031,區域與社會發展學系
031092,031,諮商與應用心理學系
031102,031,諮商與應用心理學系(公費生)
031112,031,臺灣語文學系
031122,031,英語學系
031132,031,數學教育學系
031142,031,科學教育與應用學系
031152,031,資訊工程學系
031162,031,資訊工程學系(資安組)
031172,031,數位內容科技學系
031182,031,國際企業學系
031192,031,文化創意產業設計與營運學系
031202,031,音樂學系
031212,031,美術學系
031222,031,美術學系(公費生)
031232,031,體育學系運動專長組
032012,032,教育學系
032022,032,教育學系（芝山組）
032032,032,教育經營與管理學系
032042,032,教育經營與管理學系（芝山組）
032052,032,幼兒與家庭教育學系
032062,032,幼兒與家庭教育學系（芝山組）
032072,032,特殊教育學系
032082,032,特殊教育學系（芝山組）
032092,032,心理與諮商學系
032102,032,心理與諮商學系（芝山組）
032112,032,心理與諮商學系（公費生）
032122,032,社會與區域發展學系
032132,032,兒童英語教育學系
032142,032,兒童英語教育學系（公費生）
032152,032,語文與創作學系語文師資組
032162,032,語文與創作學系文學創作組
032172,032,文化創意產業經營學系
032182,032,文化創意產業經營學系（青年儲蓄帳戶組）
032192,032,數學暨資訊教育學系數學組
032202,032,數學暨資訊教育學系人工智慧與資訊教育組
032212,032,數學暨資訊教育學系人工智慧與資訊教育組 (APCS組)
032222,032,數學暨資訊教育學系人工智慧與資訊教育組(公費生)
032232,032,自然科學教育學系
032242,032,自然科學教育學系（芝山組）
032252,032,資訊科學系
032262,032,數位科技設計學系
032272,032,數位科技設計學系（APCS組）
032282,032,藝術與造形設計學系設計組
032292,032,藝術與造形設計學系藝術組
032302,032,體育學系
032312,032,體育學系（雙語教學組）
032322,032,體育學系（公費生）
033012,033,教育學系
033022,033,諮商與輔導學系
033032,033,特殊教育學系
033042,033,特殊教育學系(青年儲蓄帳戶組)
033052,033,幼兒教育學系
033062,033,文化與自然資源學系
033072,033,國語文學系
033082,033,英語學系
033092,033,應用數學系
033102,033,數位學習科技學系
033112,033,數位學習科技學系(資安組)
033122,033,材料科學系
033132,033,資訊工程學系
033142,033,資訊工程學系(APCS組)
033152,033,資訊工程學系(資安組)
033162,033,電機工程學系
033172,033,綠色能源科技學系
033182,033,生物科技學系
033192,033,生態暨環境資源學系
033202,033,戲劇創作與應用學系
033212,033,行政管理學系
033222,033,經營與管理學系
033232,033,音樂學系(A組)
033242,033,音樂學系(B組)
033252,033,視覺藝術與設計學系
033262,033,體育學系
034012,034,應用數學系數學科學組
034022,034,應用數學系統計科學組
034032,034,物理學系物理組
034042,034,物理學系奈米與光電科學組
034052,034,化學系
034062,034,生化暨分子醫學科學系
034072,034,資訊工程學系資工組
034082,034,資訊工程學系資工組(APCS組)
034092,034,資訊工程學系資工組(資安組)
034102,034,資訊工程學系國際組
034112,034,資訊工程學系國際組(資安組)
034122,034,電機工程學系智慧系統組
034132,034,電機工程學系半導體工程組
034142,034,材料科學與工程學系
034152,034,光電工程學系
034162,034,理工學院大數據科學國際學士班
034172,034,企業管理學系管理科學組
034182,034,企業管理學系經營管理組
034192,034,會計學系
034202,034,資訊管理學系人工智慧與大數據組
034212,034,資訊管理學系智慧商務與知識管理組
034222,034,資訊管理學系(資安組)
034232,034,國際企業學系
034242,034,財務金融學系
034252,034,觀光暨休閒遊憩學系
034262,034,管理學院管理科學與財金國際學士學位學程
034272,034,管理學院會計與資訊管理國際學士班智慧會計與風險管理組
034282,034,管理學院會計與資訊管理國際學士班會計資訊與電腦稽核組
034292,034,管理學院數位行銷與服務創新國際學士班
034302,034,華文文學系
034312,034,中國語文學系
034322,034,英美語文學系
034332,034,臺灣文化學系
034342,034,歷史學系
034352,034,經濟學系
034362,034,諮商與臨床心理學系
034372,034,社會學系
034382,034,公共行政學系
034392,034,法律學系
034402,034,教育與潛能開發學系
034412,034,教育行政與管理學系
034422,034,特殊教育學系
034432,034,幼兒教育學系
034442,034,族群關係與文化學系
034452,034,民族語言與傳播學系
034462,034,民族發展與社會工作學系民族發展組
034472,034,民族發展與社會工作學系社會工作組
034482,034,原住民族樂舞與藝術學士學位學程
034492,034,自然資源與環境學系
034502,034,縱谷跨域書院學士學位學程
034512,034,音樂學系
034522,034,藝術與設計學系
034532,034,藝術創意產業學系
034542,034,體育與運動科學系
035012,035,教育學系
035022,035,特殊教育學系
035032,035,幼兒教育學系
035042,035,心理與諮商學系
035052,035,學習與媒材設計學系
035062,035,中國語文學系
035072,035,英語教學系
035082,035,社會暨公共事務學系
035092,035,歷史與地理學系
035102,035,地球環境暨生物資源學系
035112,035,應用物理暨化學系電子物理組
035122,035,應用物理暨化學系應用化學組
035132,035,數學系
035142,035,資訊科學系
035152,035,資訊科學系(APCS組)
035162,035,資訊科學系(資安組)
035172,035,城市發展學系
035182,035,行銷與管理學系
035192,035,衛生福利學系
035202,035,音樂學系
035212,035,視覺藝術學系
035222,035,體育學系
035232,035,休閒運動管理學系
035242,035,運動健康科學系
036012,036,教育學系
036022,036,幼兒教育學系
036032,036,特殊教育學系
036042,036,教育心理與輔導學系
036052,036,教育心理與輔導學系(公費生)
036062,036,中國語文學系
036072,036,文化創意產業學系
036082,036,社會發展學系
036092,036,英語學系
036102,036,應用英語學系
036112,036,應用日語學系
036122,036,商業大數據學系
036132,036,行銷與流通管理學系
036142,036,企業管理學系
036152,036,財務金融學系
036162,036,休閒事業經營學系
036172,036,不動產經營學系
036182,036,國際經營與貿易學系
036192,036,會計學系
036202,036,應用化學系
036212,036,應用數學系
036222,036,應用物理系半導體組
036232,036,應用物理系光電暨材料組
036242,036,科學傳播學系
036252,036,電腦科學與人工智慧學系
036262,036,電腦科學與人工智慧學系(資安組)
036272,036,智慧機器人學系
036282,036,資訊工程學系
036292,036,電腦與通訊學系
036302,036,資訊管理學系
036312,036,音樂學系A組
036322,036,音樂學系B組
036332,036,視覺藝術學系美術組
036342,036,視覺藝術學系數位媒體設計組
036352,036,體育學系
038012,038,全校不分系學士學位學程
038022,038,教育學系
038032,038,幼兒教育學系
038042,038,特殊教育學系
038052,038,文化資源與休閒產業學系
038062,038,數位媒體與文教產業學系
038072,038,公共與文化事務學系
038082,038,身心整合與運動休閒產業學系
038092,038,英美語文學系
038102,038,華語文學系
038112,038,生命科學系
038122,038,資訊工程學系
038132,038,資訊管理學系
038142,038,應用數學系
038152,038,應用科學系化學及奈米科學組
038162,038,應用科學系應用物理組
038172,038,綠能與資訊科技學系
038182,038,音樂學系(A組)
038192,038,音樂學系(B組)
038202,038,美術產業學系
038212,038,體育學系
039012,039,體育推廣學系(青年儲蓄帳戶組)
039022,039,休閒產業經營學系
039032,039,運動保健學系(一般組)
039042,039,運動保健學系(體育術科組)
039052,039,體育推廣學系(一般組)
039062,039,體育推廣學系(拔河組)
039072,039,體育推廣學系(女子啦啦舞組)
039082,039,適應體育學系
040012,040,護理學系
040022,040,管理學院學士班(主修：數位行銷與人力資源)
040032,040,管理學院學士班(主修：財務金融)
040042,040,管理學院學士班(主修：國際企業管理)
040052,040,管理學院學士班(主修：會計)
040062,040,管理學院學士班(英語專班)
040072,040,應用外語學系
040082,040,中國語文學系
040092,040,社會暨政策科學學系
040102,040,人文社會學院英語學士班
040112,040,資訊管理學系
040122,040,資訊管理學系(資安組)
040132,040,資訊傳播學系(智慧科技應用組)
040142,040,資訊傳播學系(數位媒體設計-創作組)
040152,040,資訊工程學系
040162,040,資訊工程學系(資安組)
040172,040,資訊工程學系(APCS組)
040182,040,資訊學院英語學士班
040192,040,機械工程學系
040202,040,化學工程與材料科學學系
040212,040,工業工程與管理學系
040222,040,工程學院英語學士班
040232,040,電機工程學系(甲組)
040242,040,電機工程學系(甲組)(APCS組)
040252,040,電機工程學系(乙組)
040262,040,電機工程學系(丙組)
040272,040,電機通訊學院英語學士班
040282,040,藝術與設計學系
040292,040,資訊傳播學系(數位媒體設計-美術組)
041012,041,中國文學系
041022,041,外國語文學系
041032,041,歷史學系
041042,041,哲學系
041052,041,數學系
041062,041,地球與環境科學系
041072,041,物理學系
041082,041,化學暨生物化學系
041092,041,生物醫學科學系
041102,041,社會福利學系
041112,041,心理學系
041122,041,勞工關係學系
041132,041,政治學系
041142,041,傳播學系
041152,041,資訊工程學系
041162,041,電機工程學系
041172,041,機械工程學系機械工程組
041182,041,機械工程學系光機電整合工程組
041192,041,機械工程國際學士學位學程
041202,041,化學工程學系
041212,041,通訊工程學系
041222,041,經濟學系
041232,041,財務金融學系
041242,041,企業管理學系
041252,041,會計與資訊科技學系
041262,041,資訊管理學系
041272,041,資訊管理學系(APCS組)
041282,041,法律學系法學組
041292,041,法律學系法制組
041302,041,財經法律學系
041312,041,成人及繼續教育學系
041322,041,犯罪防治學系
041332,041,紫荊不分系學士學位學程
041342,041,嘉星招生甲組(工)
041352,041,嘉星招生乙組(管)
041362,041,嘉星招生丙組(法)
041372,041,嘉星招生丁組(文)
041382,041,嘉星招生戊組(理)
041392,041,嘉星招生己組(社)
041402,041,嘉星招生庚組(教)
041412,041,嘉星招生辛組(心)
042012,042,機械與自動化工程學系(車輛科技與綠色能源組)
042022,042,機械與自動化工程學系(機電整合與自動化組)
042032,042,電機工程學系(半導體與光電組)
042042,042,電機工程學系(智慧系統組)
042052,042,電機工程學系(APCS組)
042062,042,半導體學士學位學程(半導體設備組)
042072,042,半導體學士學位學程(半導體製程組)
042082,042,資訊工程學系(資訊工程組)
042092,042,資訊工程學系(人工智慧組)
042102,042,資訊工程學系(APCS組)
042112,042,環境與安全工程學系(永續環境組)
042122,042,環境與安全工程學系(安全科技組)
042132,042,企業管理學系
042142,042,會計與資訊管理學系(人工智慧科技管理組)
042152,042,會計與資訊管理學系(會計暨投資理財組)
042162,042,財務金融學系(銀行專業組)
042172,042,財務金融學系(智慧投資組)
042182,042,財務金融學系(公司財務組)
042192,042,應用日語學系(AI商務應用組)
042202,042,應用日語學系(觀光旅遊組)
042212,042,生物醫學系(生物醫藥組)
042222,042,生物醫學系(檢驗醫學組)
042232,042,藥用植物與食品保健學系(藥粧保健組)
042242,042,藥用植物與食品保健學系(食藥生技組)
042252,042,觀光休閒學系
042262,042,餐旅管理學系
042272,042,烘焙暨飲料調製學士學位學程
042282,042,護理學系
042292,042,視光學系(國際組)
042302,042,視光學系(臨床組)
042312,042,醫學工程學系
042322,042,醫學工程學系(智慧醫療組)
042332,042,職能治療學系(A組)
042342,042,職能治療學系(B組)
042352,042,設計學系
042362,042,造形藝術學系(工藝文創組)
042372,042,造形藝術學系(藝術創作組)
042382,042,多媒體數位內容學士學位學程(動畫與影視特效組)
042392,042,多媒體數位內容學士學位學程(遊戲與人工智慧應用組)
042402,042,多媒體數位內容學士學位學程(動漫美術與模型製作組)
042412,042,多媒體數位內容學士學位學程(漫畫創作組)
042422,042,空間設計學系建築組
042432,042,空間設計學系室內設計組
042442,042,運動健康管理學系
043012,043,電機工程學系
043022,043,資訊工程學系(資訊工程組)
043032,043,資訊工程學系(資訊應用組)
043042,043,資訊工程學系(人工智慧組)
043052,043,光電與材料工程學系（人工智慧應用組）
043062,043,光電與材料工程學系（生醫光電組）
043072,043,光電與材料工程學系（半導體組）
043082,043,工業管理學系（半導體產業組）
043092,043,工業管理學系（人工智慧應用組）
043102,043,資訊管理學系（資訊系統設計組）
043112,043,資訊管理學系(智慧商務與資訊管理應用組)
043122,043,資訊管理學系（人工智慧與大數據應用組）
043132,043,企業管理學系企業管理組
043142,043,企業管理學系智慧運輸與物流組
043152,043,企業管理學系財務管理組
043162,043,建築與都市計畫學系（第一類組）
043172,043,建築與都市計畫學系（第二類組）
043182,043,土木工程學系
043192,043,應用日語學系（商務觀光組）
043202,043,應用日語學系（翻譯實務組）
043212,043,應用外語暨智慧商務學士學位學程
043222,043,觀光學院學士班(餐旅烘焙組)
043232,043,觀光學院學士班(觀光會展組)
043242,043,觀光學院學士班(航空旅遊組)
043252,043,英國西英格蘭大學企業管理雙學士學位學程
043262,043,中華大學美國舊金山州立大學資訊管理與決策科學學士學位學程
043272,043,加州大學爾灣分校資訊管理與資料科學學士學位學程
043282,043,國際觀光與酒店管理雙學士學位學程
044012,044,智慧生活科技學系大數據與管理組
044022,044,智慧生活科技學系智慧產品開發組
044032,044,智慧生活設計學系空間設計組
044042,044,智慧生活設計學系空間設計組(青年儲蓄帳戶組)
044052,044,智慧生活設計學系創意產品與汽車設計組
044062,044,攝影與VR設計學系攝影與科技藝術組
044072,044,攝影與VR設計學系VR與互動媒體組
044082,044,佛教藝術學系佛學組
044092,044,佛教藝術學系藝術組
044102,044,美術與文創學系文創設計組
044112,044,美術與文創學系美術創作組
045012,045,電機工程學系
045022,045,電子工程學系
045032,045,資訊工程學系資訊工程組
045042,045,資訊工程學系資訊應用組
045052,045,資訊工程學系(APCS組)
045062,045,資訊工程學系(資安組)
045072,045,機械與自動化工程學系
045082,045,化學工程學系
045092,045,土木工程學系
045102,045,材料科學與工程學系
045112,045,生物醫學工程學系
045122,045,智慧科技英語學士學位學程
045132,045,半導體學士學位學程
045142,045,資訊管理學系
045152,045,企業管理學系
045162,045,財務金融管理學系
045172,045,會計學系
045182,045,國際商務學系
045192,045,醫務管理學系
045202,045,餐旅管理學系
045212,045,廚藝暨美食學學系
045222,045,國際企業經營英語學士學位學程(國際學院)
045232,045,財務與商業分析英語學士學位學程(國際學院)
045242,045,智慧觀光餐旅管理英語學士學位學程(國際學院)
045252,045,國際傳媒與娛樂管理英語學士學位學程(國際學院)
045262,045,應用日語學系
045272,045,大眾傳播學系
045282,045,電影與電視學系
045292,045,視覺藝術與設計學系
045302,045,醫學科學與生物科技學系醫藥組
045312,045,醫學科學與生物科技學系生技組
045322,045,營養學系
045332,045,護理學系
045342,045,醫學影像暨放射科學系
045352,045,物理治療學系
045362,045,職能治療學系
045372,045,醫學檢驗技術學系
045382,045,醫學系(公費生)
046012,046,企業管理學系品牌行銷組（臺北校區）
046022,046,企業管理學系企業管理組（臺北校區）
046032,046,企業管理學系數位經營組（臺北校區）
046042,046,會計學系會計審計組（臺北校區）
046052,046,會計學系稅務規劃組（臺北校區）
046062,046,財務金融學系（臺北校區）
046072,046,資訊應用與金融保險學系金融組（臺北校區）
046082,046,資訊應用與金融保險學系資訊組（臺北校區）
046092,046,國際企業學系跨境電商經營組（臺北校區）
046102,046,國際企業學系外貿行銷管理組（臺北校區）
046112,046,新媒體暨傳播管理學系（臺北校區）
046122,046,廣播電視學系（臺北校區）
046132,046,廣告暨策略行銷學系（臺北校區）
046142,046,影音新聞暨社群傳播學系（臺北校區）
046152,046,法律學系（臺北校區）
046162,046,財金法律學系（臺北校區）
046172,046,國際企業與貿易學士學位學程（全英語授課．臺北校區）
046182,046,新聞與大眾傳播學士學位學程（全英語授課．臺北校區）
046192,046,時尚與創新管理學士學位學程（全英語授課．臺北校區）
046202,046,國際事務與外交學士學位學程（全英語授課．桃園校區）
046212,046,資訊科技應用與管理學士學位學程（全英語授課．桃園校區）
046222,046,應用中文與華語文教學系文教傳播組（桃園校區）
046232,046,應用中文與華語文教學系語文創作組（桃園校區）
046242,046,應用英語學系（桃園校區）
046252,046,應用日語學系（桃園校區）
046262,046,商業設計學系（桃園校區）
046272,046,商品設計學系（桃園校區）
046282,046,數位媒體設計學系（桃園校區）
046292,046,建築學系（桃園校區）
046302,046,都市設計與永續發展學系智慧城市與無人機應用組 （桃園校區）
046312,046,都市設計與永續發展學系都市更新與土地開發組 （桃園校區）
046322,046,觀光事業學系（桃園校區）
046332,046,休閒遊憩管理學系（桃園校區）
046342,046,餐旅管理學系（桃園校區）
046352,046,犯罪防治學系（桃園校區）
046362,046,公共事務與行政管理學系（桃園校區）
046372,046,諮商臨床與工商心理學系（桃園校區）
046382,046,金融學系（桃園校區）
046392,046,金融科技應用學系（桃園校區）
046402,046,資訊管理學系人工智慧應用組（桃園校區）
046412,046,資訊管理學系巨量資料管理組（桃園校區）
046422,046,資訊管理學系電子商務管理組（桃園校區）
046432,046,人工智慧應用學系（桃園校區）
046442,046,資訊工程學系(桃園校區)
046452,046,資訊工程學系（APCS組．桃園校區）
046462,046,電機工程學系（桃園校區）
046472,046,半導體應用學士學位學程（桃園校區）
046482,046,醫療資訊與管理學系健康產業管理組（桃園校區）
046492,046,醫療資訊與管理學系醫療資訊組（桃園校區）
046502,046,生物科技學系生物醫學組（桃園校區）
046512,046,生物科技學系食品生技組（桃園校區）
046522,046,生物醫學工程學系專利醫材法規組（桃園校區）
046532,046,生物醫學工程學系人工智慧醫療組（桃園校區）
046542,046,國際企業學系（青年儲蓄帳戶組．臺北校區）
046552,046,影音新聞暨社群傳播學系（青年儲蓄帳戶組．臺北校區）
046562,046,應用英語學系（青年儲蓄帳戶組．桃園校區）
047012,047,新聞學系
047022,047,廣播電視電影學系廣播與聲音設計組
047032,047,廣播電視電影學系電視組
047042,047,廣播電視電影學系電影組
047052,047,圖文傳播學系
047062,047,公共關係暨廣告學系
047072,047,口語傳播暨社群媒體學系
047082,047,資訊傳播學系
047092,047,數位多媒體設計學系
047102,047,傳播管理學系
047112,047,資訊管理學系資訊管理組
047122,047,資訊管理學系資訊管理組(資安組)
047132,047,資訊管理學系人工智慧暨科技傳播組
047142,047,資訊管理學系人工智慧暨科技傳播組(資安組)
047152,047,財務金融學系
047162,047,行政管理學系
047172,047,觀光學系餐旅經營管理組
047182,047,觀光學系旅遊暨休閒事業管理組
047192,047,經濟學系
047202,047,企業管理學系
047212,047,社會心理學系
047222,047,英語暨傳播應用學系
047232,047,日本語文學系
047242,047,法律學系
050012,050,食品營養與保健生技學系(臺北校區)
050022,050,食品營養與保健生技學系食品創新與科技法律組(臺北校區)
050032,050,社會工作學系兒少、家庭與司法組(臺北校區)
050042,050,社會工作學系老人、長照與身障組(臺北校區)
050052,050,社會工作學系心理衛生與醫務組(臺北校區)
050062,050,家庭研究與兒童發展學系幼兒教保組(臺北校區)
050072,050,家庭研究與兒童發展學系家庭教育與輔導組(臺北校區)
050082,050,餐飲管理學系廚藝組(臺北校區)
050092,050,餐飲管理學系餐旅組(臺北校區)
050102,050,法律學系(臺北校區)
050112,050,服裝設計學系(臺北校區)
050122,050,媒體傳達設計學系動畫影像設計組(臺北校區)
050132,050,媒體傳達設計學系創意媒體設計組(臺北校區)
050142,050,工業產品設計學系(臺北校區)
050152,050,建築設計學系人文藝術組(臺北校區)
050162,050,建築設計學系創意科技組(臺北校區)
050172,050,建築職人學士學位學程(臺北校區)
050182,050,會計學系會計審計組(臺北校區)
050192,050,會計學系永續會計組(臺北校區)
050202,050,國際經營與貿易學系國際金融組(臺北校區)
050212,050,國際經營與貿易學系貿易經營組(臺北校區)
050222,050,國際經營與貿易學系跨境行銷組(臺北校區)
050232,050,國際經營與貿易學系智慧物流組(臺北校區)
050242,050,企業管理學系企業經營組(臺北校區)
050252,050,企業管理學系人工智慧行銷組(臺北校區)
050262,050,企業管理學系綠色永續組(臺北校區)
050272,050,企業管理學系創新創業組(臺北校區)
050282,050,財務金融學系(臺北校區)
050292,050,財務金融學系數位行銷設計組(臺北校區)
050302,050,風險管理與保險學系(臺北校區)
050312,050,應用外語學系(臺北校區)
050322,050,應用外語學系數位應用組(臺北校區)
050332,050,資訊科技與管理學系人工智慧與大數據組(臺北校區)
050342,050,資訊科技與管理學系雲端運算與物聯網組(臺北校區)
050352,050,資訊科技與管理學系數位媒體設計組(臺北校區)
050362,050,資訊科技與管理學系(APCS組)(臺北校區)
050372,050,資訊科技與管理學系(青年儲蓄帳戶組)(臺北校區)
050382,050,資訊科技與管理學系(資安組)(臺北校區)
050392,050,國際企業英語學士學位學程(社會組)(臺北校區)
050402,050,國際企業英語學士學位學程(自然組)(臺北校區)
050412,050,智慧服務管理英語學士學位學程(社會組)(臺北校區)
050422,050,智慧服務管理英語學士學位學程(自然組)(臺北校區)
050432,050,國際企業管理學系外匯數位金融組(高雄校區)
050442,050,國際企業管理學系日韓商務與貿易組(高雄校區)
050452,050,國際企業管理學系品牌行銷企劃組(高雄校區)
050462,050,國際企業管理學系德國商務與投資組(高雄校區)
050472,050,金融管理學系數位金融組(高雄校區)
050482,050,金融管理學系金融實務組(高雄校區)
050492,050,金融管理學系金融商品組(高雄校區)
050502,050,金融管理學系財務數理組(高雄校區)
050512,050,金融管理學系科技金融組(高雄校區)
050522,050,資訊管理學系物聯網應用組(高雄校區)
050532,050,資訊管理學系人工智慧與雲端應用組(高雄校區)
050542,050,資訊管理學系資訊技術應用組(高雄校區)
050552,050,資訊科技與通訊學系App設計組(高雄校區)
050562,050,資訊科技與通訊學系人工智慧組(高雄校區)
050572,050,資訊科技與通訊學系智慧機器人組(高雄校區)
050582,050,資訊科技與通訊學系無人機組(高雄校區)
050592,050,數位多媒體遊戲設計學系互動遊戲設計組(高雄校區)
050602,050,數位多媒體遊戲設計學系數位AI應用設計組(高雄校區)
050612,050,服飾設計與經營學系品牌經營組(高雄校區)
050622,050,觀光管理學系旅運事業組(高雄校區)
050632,050,觀光管理學系國際觀光事業規劃組(高雄校區)
050642,050,休閒產業管理學系環境教育與休閒規劃設計組(高雄校區)
050652,050,休閒產業管理學系遊憩運動企劃組(高雄校區)
050662,050,休閒產業管理學系精品咖啡烘焙經營組(高雄校區)
050672,050,應用日文學系(高雄校區)
050682,050,應用日文學系商務組(高雄校區)
050692,050,應用日文學系翻譯組(高雄校區)
050702,050,應用日文學系實習組(高雄校區)
050712,050,音樂學系(臺北校區)
050722,050,音樂學系Ｂ組(臺北校區)
050732,050,數位多媒體遊戲設計學系數位多媒體設計組(高雄校區)
050742,050,數位多媒體遊戲設計學系遊戲美術設計組(高雄校區)
050752,050,電腦動畫學士學位學程2D組(高雄校區)
050762,050,電腦動畫學士學位學程3D組(高雄校區)
050772,050,電腦動畫學士學位學程2D3D特效通修組(高雄校區)
050782,050,電腦動畫學士學位學程特效組(高雄校區)
050792,050,服飾設計與經營學系流行設計組(高雄校區)
050802,050,服飾設計與經營學系飾品設計組(高雄校區)
050812,050,時尚設計學系媒體傳達設計組(高雄校區)
050822,050,時尚設計學系整體造型設計組(高雄校區)
050832,050,觀光管理學系自然旅遊與運動觀光組(高雄校區)
051012,051,企業管理學系行銷組
051022,051,企業管理學系數位經營組
051032,051,企業管理學系企業永續發展組
051042,051,企業管理學系創新應用組
051052,051,國際企業學系智慧行銷組
051062,051,國際企業學系金融貿易組
051072,051,國際企業學系航運物流組
051082,051,會計資訊學系財務應用組
051092,051,會計資訊學系稅務應用組
051102,051,會計資訊學系產業實習組
051112,051,航運管理學系
051122,051,土地管理與開發學系土地管理組
051132,051,土地管理與開發學系開發規劃組
051142,051,財務金融學系金融科技組
051152,051,財務金融學系投資資訊組
051162,051,財務金融學系金融理財組
051172,051,財務金融學系產業實習組
051182,051,觀光與餐飲管理學系觀光旅遊組
051192,051,觀光與餐飲管理學系餐酒廚藝組
051202,051,觀光與餐飲管理學系國際雙聯組
051212,051,觀光與餐飲管理學系(青年儲蓄帳戶組)
051222,051,醫務管理學系醫療機構管理組
051232,051,醫務管理學系智慧長照組
051242,051,生物科技學系生技醫學組
051252,051,生物科技學系生物檢測組
051262,051,生物科技學系(青年儲蓄帳戶組)
051272,051,健康心理學系
051282,051,保健營養學系
051292,051,護理學系
051302,051,職業安全與衛生學系職業安全衛生管理組
051312,051,職業安全與衛生學系安全衛生AI科技組
051322,051,職業安全與衛生學系職業安全組
051332,051,職業安全與衛生學系職業衛生組
051342,051,職業安全與衛生學系(青年儲蓄帳戶組)
051352,051,食品安全衛生與檢驗學士學位學程食品安全管理組
051362,051,食品安全衛生與檢驗學士學位學程食品科技組
051372,051,食品安全衛生與檢驗學士學位學程食品檢驗組
051382,051,消防安全學士學位學程消防實務管理組
051392,051,消防安全學士學位學程火場鑑識組
051402,051,消防安全學士學位學程消防防災技術組
051412,051,消防安全學士學位學程(青年儲蓄帳戶組)
051422,051,綠能與環境資源學系綠能產業管理組
051432,051,綠能與環境資源學系綠能產業實務組
051442,051,綠能與環境資源學系綠能環境科技組
051452,051,營建工程安全學士學位學程
051462,051,大眾傳播學系
051472,051,翻譯學系智慧科技與經貿媒體跨域組
051482,051,翻譯學系語文教學與觀光會展實務組
051492,051,社會工作學系
051502,051,社會工作學系(青年儲蓄帳戶組)
051512,051,應用日語學系語文翻譯組
051522,051,應用日語學系國際觀光產業組
051532,051,數位媒體設計學系數位媒體設計組
051542,051,數位媒體設計學系互動設計組
051552,051,資訊工程學系
051562,051,美術學系藝術創作組
051572,051,美術學系應用藝術組
051582,051,書畫藝術學系甲組
051592,051,書畫藝術學系乙組
051602,051,運動競技學系
056012,056,圖文傳播藝術學系
056022,056,廣播電視學系
056032,056,電影學系
056042,056,戲劇學系
056052,056,音樂學系
056062,056,中國音樂學系作曲組
056072,056,中國音樂學系聲樂組
056082,056,中國音樂學系管樂組
056092,056,中國音樂學系彈弦組
056102,056,中國音樂學系撥弦組
056112,056,中國音樂學系擦弦組（一）–胡琴
056122,056,中國音樂學系擦弦組（二）–低音擦弦
056132,056,中國音樂學系擊樂組
056142,056,美術學系
056152,056,書畫藝術學系
056162,056,雕塑學系
056172,056,古蹟藝術修護學系
056182,056,視覺傳達設計學系
056192,056,工藝設計學系
056202,056,多媒體動畫藝術學系
056212,056,舞蹈學系
058012,058,中國語文學系
058022,058,外國語文學系
058032,058,社會政策與社會工作學系
058042,058,公共行政與政策學系
058052,058,歷史學系
058062,058,東南亞學系
058072,058,國際企業學系
058082,058,經濟學系
058092,058,資訊管理學系
058102,058,資訊管理學系(資安組)
058112,058,財務金融學系
058122,058,觀光休閒與餐旅管理學系觀光休閒組
058132,058,觀光休閒與餐旅管理學系餐旅管理組
058142,058,管理學院學士班
058152,058,國際文教與比較教育學系
058162,058,教育政策與行政學系
058172,058,諮商心理與人力資源發展學系諮商心理組
058182,058,諮商心理與人力資源發展學系終身學習與人力資源發展組
058192,058,教育學院學士班教育科技與數位學習組
058202,058,教育學院學士班教育心理與輔導組
058212,058,資訊工程學系
058222,058,資訊工程學系(APCS組)
058232,058,資訊工程學系(資安組)
058242,058,土木工程學系
058252,058,電機工程學系
058262,058,應用化學系
058272,058,應用材料及光電工程學系
058282,058,科技學院學士班
058292,058,科技學院學士班(資安組)
058302,058,護理學系
059012,059,財務金融學系
059022,059,財務金融學系證券投資組
059032,059,財務金融學系AI智慧理財組
059042,059,企業管理學系經營管理組
059052,059,企業管理學系行銷企劃組
059062,059,企業管理學系創新創業組
059072,059,企業管理學系人力資源組
059082,059,文化創意事業管理學系AI應用組
059092,059,文化創意事業管理學系永續創生組
059102,059,旅遊管理學系AI遊程規劃組
059112,059,旅遊管理學系智慧觀光導覽組
059122,059,旅遊管理學系旅館管理組
059132,059,旅遊管理學系餐宴廚藝組
059142,059,管理學院國際企業學士學位學程
059152,059,管理學院國際企業學士學位學程國際數位行銷組
059162,059,生死學系社會工作組
059172,059,生死學系殯葬服務組
059182,059,生死學系諮商組
059192,059,幼兒教育學系
059202,059,文學系
059212,059,文學系藝文創作組
059222,059,外國語文學系應用英語組
059232,059,外國語文學系英日語組
059242,059,應用社會學系社會學組研究調查組
059252,059,應用社會學系社會學組社會設計組
059262,059,應用社會學系社會工作組
059272,059,應用社會學系社會工作組長期照顧管理組
059282,059,應用社會學系社會工作組家庭社會工作組
059292,059,應用社會學系社會工作組兒少社會工作組
059302,059,傳播學系廣告公關新聞組
059312,059,傳播學系數位影音製作組
059322,059,傳播學系影劇表演藝術組
059332,059,國際事務與企業學系
059342,059,國際事務與企業學系國際政經與貿易組
059352,059,國際事務與企業學系公共事務與管理組
059362,059,視覺藝術與設計學系繪畫文創組
059372,059,視覺藝術與設計學系數位設計組
059382,059,民族音樂學系
059392,059,建築學系
059402,059,建築學系社會組
059412,059,建築學系自然組
059422,059,產品與室內設計學系
059432,059,產品與室內設計學系(青年儲蓄帳戶組)
059442,059,資訊工程學系
059452,059,資訊工程學系人工智慧組
059462,059,資訊工程學系資訊電子組
059472,059,資訊工程學系互動遊戲設計組
059482,059,自然生物科技學系
059492,059,自然生物科技學系生技療癒組
059502,059,自然生物科技學系食品生技組
059512,059,資訊管理學系
059522,059,資訊管理學系人工智慧組
059532,059,資訊管理學系大數據分析組
060012,060,體育學系(一般組)
060022,060,休閒運動學系
060032,060,運動事業管理學系
060042,060,運動健康科學學系(一般組)
060052,060,運動健康科學學系(青年儲蓄帳戶組)
060062,060,運動資訊與傳播學系
060072,060,體育學系(運動專長組)
063012,063,藝術史學系
063022,063,藝術史學系(青年儲蓄帳戶組)
063032,063,應用音樂學系
063042,063,材質創作與設計系
065012,065,社會工作學系
065022,065,應用心理學系
065032,065,法律學系
065042,065,大眾傳播學系
065052,065,應用日語學系
065062,065,餐旅管理學系
065072,065,視覺傳達設計學系
065082,065,藝術與創意設計學系
079012,079,人文與資訊學系文化應用組
079022,079,人文與資訊學系數位應用組
079032,079,宗教文化與資訊管理學系
079042,079,宗教文化與資訊管理學系生命關懷組
079052,079,宗教文化與資訊管理學系資訊與文創組
079062,079,宗教文化與資訊管理學系(青年儲蓄帳戶組)
079072,079,應用日語學系
079082,079,應用日語學系(青年儲蓄帳戶組)
079092,079,統計資訊與精算學系一般組
079102,079,統計資訊與精算學系商業應用組
079112,079,資訊工程學系科技應用組
079122,079,資訊工程學系人工智慧應用組
079132,079,資訊工程學系多媒體遊戲設計組
079142,079,法律學系財經科技法律組
079152,079,法律學系法律應用實務組
079162,079,財務金融學系
079172,079,國際經營與貿易學系
079182,079,國際經營與貿易學系會計資訊組
079192,079,經濟學系
079202,079,企業管理學系
079212,079,企業管理學系(青年儲蓄帳戶組)
079222,079,運動管理學系
079232,079,運動資訊傳播學系
079242,079,觀光事業學系
079252,079,觀光事業學系(青年儲蓄帳戶組)
079262,079,航空事業學系
079272,079,音樂應用學系-藝術行政與經紀組
079282,079,音樂應用學系-音樂表演與創作組
099012,099,法律學系法學組
099022,099,法律學系法學組(飛鳶組)
099032,099,法律學系司法組
099042,099,法律學系司法組(飛鳶組)
099052,099,法律學系財經法組
099062,099,法律學系財經法組(飛鳶組)
099072,099,企業管理學系
099082,099,企業管理學系(飛鳶組)
099092,099,金融與合作經營學系
099102,099,金融與合作經營學系(飛鳶組)
099112,099,會計學系
099122,099,會計學系(飛鳶組)
099132,099,統計學系
099142,099,統計學系(飛鳶組)
099152,099,休閒運動管理學系
099162,099,休閒運動管理學系(飛鳶組)
099172,099,公共行政暨政策學系
099182,099,公共行政暨政策學系(飛鳶組)
099192,099,財政學系
099202,099,財政學系(飛鳶組)
099212,099,不動產與城鄉環境學系甲組
099222,099,不動產與城鄉環境學系乙組
099232,099,不動產與城鄉環境學系(飛鳶組)
099242,099,經濟學系
099252,099,經濟學系(飛鳶組)
099262,099,社會學系
099272,099,社會學系(飛鳶組)
099282,099,社會工作學系
099292,099,社會工作學系(飛鳶組)
099302,099,中國文學系
099312,099,中國文學系(飛鳶組)
099322,099,應用外語學系
099332,099,應用外語學系(飛鳶組)
099342,099,歷史學系
099352,099,歷史學系(飛鳶組)
099362,099,資訊工程學系
099372,099,資訊工程學系(APCS組)
099382,099,資訊工程學系(飛鳶組)
099392,099,通訊工程學系
099402,099,通訊工程學系(飛鳶組)
099412,099,電機工程學系
099422,099,電機工程學系(飛鳶組)
100012,100,教育學系
100022,100,輔導與諮商學系
100032,100,特殊教育學系
100042,100,幼兒教育學系
100052,100,數位學習設計與管理學系
100062,100,中國文學系
100072,100,應用歷史學系
100082,100,外國語言學系英語教學組
100092,100,外國語言學系應用外語組
100102,100,企業管理學系
100112,100,應用經濟學系
100122,100,科技管理學系
100132,100,資訊管理學系
100142,100,資訊管理學系(資安組)
100152,100,行銷與觀光管理學系
100162,100,財務金融學系
100172,100,財務金融學系(青年儲蓄帳戶組)
100182,100,農藝學系
100192,100,園藝學系
100202,100,森林暨自然資源學系
100212,100,木質材料與設計學系
100222,100,動物科學系
100232,100,農業生物科技學系
100242,100,景觀學系
100252,100,植物醫學系
100262,100,電子物理學系
100272,100,應用化學系
100282,100,應用數學系
100292,100,資訊工程學系
100302,100,資訊工程學系(APCS組)
100312,100,生物機電工程學系
100322,100,土木與水資源工程學系
100332,100,電機工程學系
100342,100,機械與能源工程學系
100352,100,食品科學系
100362,100,水生生物科學系
100372,100,生物資源學系
100382,100,生化科技學系
100392,100,微生物免疫與生物藥學系
100402,100,獸醫學系
100412,100,音樂學系(A組)
100422,100,音樂學系(B組)
100432,100,視覺藝術學系
100442,100,體育與健康休閒學系
101012,101,西洋語文學系
101022,101,運動健康與休閒學系
101032,101,東亞語文學系日語組
101042,101,東亞語文學系韓語組
101052,101,東亞語文學系越語組
101062,101,法律學系
101072,101,政治法律學系
101082,101,財經法律學系
101092,101,應用經濟學系
101102,101,亞太工商管理學系企業管理組
101112,101,亞太工商管理學系工業管理組
101122,101,資訊管理學系
101132,101,資訊管理學系(資安組)
101142,101,財務金融學系
101152,101,財務金融學系(青年儲蓄帳戶組)
101162,101,應用數學系
101172,101,應用化學系
101182,101,應用物理學系
101192,101,生命科學系
101202,101,電機工程學系
101212,101,土木與環境工程學系土木工程組
101222,101,土木與環境工程學系環境工程組
101232,101,化學工程及材料工程學系
101242,101,資訊工程學系
101252,101,資訊工程學系(資安組)
101262,101,建築學系
101272,101,工藝與創意設計學系
108012,108,醫學系
108022,108,醫學系(公費生)
108032,108,藥學系
108042,108,醫學檢驗生物技術學系
108052,108,物理治療學系
108062,108,公共衛生學系
108072,108,分子生物暨人類遺傳學系
108082,108,醫學影像暨放射科學系
108092,108,護理學系
108102,108,醫學資訊學系
108112,108,生物醫學暨工程學系
108122,108,傳播學系
108132,108,兒童發展與家庭教育學系
108142,108,社會工作學系
108152,108,人類發展與心理學系
108162,108,東方語文學系
108172,108,外國語文學系
108182,108,資訊科技與管理學系
108192,108,醫務暨健康管理學系
108202,108,經營管理學系
108212,108,國際服務產業管理學士學位學程
108222,108,翔飛A組
109012,109,醫學系
109022,109,醫學系(公費生)
109032,109,牙醫學系
109042,109,藥學系藥學組
109052,109,藥學系藥學組(英語組)
109062,109,藥學系臨床藥學組
109072,109,醫學檢驗暨生物技術學系
109082,109,護理學系
109092,109,保健營養學系
109102,109,公共衛生學系
109112,109,醫務管理學系
109122,109,呼吸治療學系
109132,109,高齡健康暨長期照護學系
109142,109,牙體技術學系
109152,109,口腔衛生學系
109162,109,生物醫學工程學系
109172,109,食品安全學系
109182,109,醫學系（展翅A組）
109192,109,牙醫學系（展翅B組）
109202,109,展翅C組
109212,109,展翅D組
109222,109,展翅E組
110012,110,企業與創業管理學系
110022,110,企業與創業管理學系(青年儲蓄帳戶組)
110032,110,國際企業學系
110042,110,商學院國際榮譽學士學位學程
110052,110,國際物流與運輸管理學系
110062,110,空運管理學系
110072,110,觀光與餐飲旅館學系
110082,110,觀光與餐飲旅館學系(青年儲蓄帳戶組)
110092,110,休閒事業管理學系
110102,110,資訊管理學系
110112,110,資訊管理學系(APCS組)
110122,110,資訊管理學系(青年儲蓄帳戶組)
110132,110,資訊傳播學系
110142,110,電影與創意媒體學系
110152,110,法律學系
110162,110,應用日語學系
110172,110,應用日語學系(青年儲蓄帳戶組)
110182,110,應用英語學系
110192,110,保健營養學系
110202,110,健康產業管理學系
110212,110,AI科技與創新設計學士學位學程
110222,110,AI科技與創新設計學士學位學程(APCS組)
112012,112,嬰幼兒保育學系(台北校區)
112022,112,長期照護學系(台北校區)
113012,113,財務金融學系
113022,113,財經法律學系
113032,113,企業管理學系
113042,113,金融管理學院學士班
113052,113,科技金融學系
113062,113,運動產業管理學士學位學程
113072,113,財務金融學系(青年儲蓄帳戶組)
130012,130,建築環境設計學士學位學程（社會組）
130022,130,建築環境設計學士學位學程（自然組）
130032,130,傳播學系（數位媒體與智能創作組）
130042,130,傳播學系（廣告公關與精準行銷組）
130052,130,傳播學系（流行音樂傳播與策展組）
130062,130,資訊應用學系（資訊系統與AI應用組）
130072,130,資訊應用學系（動畫與視覺特效組）
130082,130,資訊應用學系（數位遊戲開發組）
130092,130,資訊應用學系（虛擬製作與互動科技組）
130102,130,語文學系（華語文創組）
130112,130,語文學系（應用英日語組）
130122,130,語文學系（應用英韓語組）
130132,130,語文學系（歷史與文化傳播組）
130142,130,歷史學系
130152,130,社會學暨社會工作學系(A 組)
130162,130,社會學暨社會工作學系(B 組)
130172,130,心理學系
130182,130,公共行政與國際事務學系（國際與兩岸事務組）
130192,130,公共行政與國際事務學系（行政管理組）
130202,130,公共行政與國際事務學系（科技應用與地方創生組）
130212,130,公共行政與國際事務學系（宗教事務組）
130222,130,運動與健康促進管理學士學位學程
130232,130,管理學系
130242,130,應用經濟學系（財務金融組）
130252,130,應用經濟學系（國際商務組）
130262,130,樂活產業學系（永續生活組）
130272,130,樂活產業學系（輔助療法組）
130282,130,健康與創意蔬食產業學系
130292,130,產品與媒體設計學系（智慧產品設計組）
130302,130,產品與媒體設計學系（視覺媒體設計組）
134012,134,健康產業管理學系跨領域高齡智慧照顧組
134022,134,健康產業管理學系醫療機構管理組
134032,134,食品營養與保健生技學系食品營養組
134042,134,食品營養與保健生技學系藥用化粧品醫美組
134052,134,醫學檢驗暨生物技術學系醫事檢驗組
134062,134,醫學檢驗暨生物技術學系生物技術組
134072,134,心理學系心理師研修組
134082,134,心理學系諮商與臨床心理組
134092,134,心理學系諮商與臨床心理組（青年儲蓄帳戶組）
134102,134,心理學系工商與社會心理組
134112,134,視光學系
134122,134,聽力暨語言治療學系
134132,134,職能治療學系
134142,134,物理治療學系
134152,134,護理學系國際護理組
134162,134,護理學系智慧護理組
134172,134,護理學系臨床照護組
134182,134,長期照護學系
134192,134,生物資訊與醫學工程學系生醫資訊組
134202,134,生物資訊與醫學工程學系醫學工程組
134212,134,資訊工程學系人工智慧與機器人組
134222,134,資訊工程學系半導體資訊組
134232,134,資訊工程學系(APCS組)
134242,134,資訊工程學系(資安組)
134252,134,人工智慧學系
134262,134,資訊傳播學系
134272,134,經營管理學系行銷與企業管理組
134282,134,經營管理學系休閒遊憩管理組
134292,134,會計與資訊學系
134302,134,財務金融學系智能投資組
134312,134,財務金融學系金融科技組
134322,134,財經法律學系
134332,134,社會工作學系兒少與家庭社工組
134342,134,社會工作學系醫務與心衛社工組
134352,134,幼兒教育學系
134362,134,數位媒體設計學系動漫遊戲組
134372,134,數位媒體設計學系視覺傳達組
134382,134,創意商品設計學系
134392,134,時尚設計學系
134402,134,室內設計學系
150012,150,外國語文學系
150022,150,應用經濟與管理學系
150032,150,休閒產業與健康促進學系
150042,150,土木工程學系
150052,150,機械與機電工程學系
150062,150,化學工程與材料工程學系
150072,150,環境工程學系
150082,150,生物機電工程學系
150092,150,食品科學系
150102,150,生物技術與動物科學系
150112,150,森林暨自然資源學系
150122,150,園藝學系
150132,150,電機工程學系
150142,150,電子工程學系
150152,150,資訊工程學系
150162,150,資訊工程學系(APCS組)
150172,150,資訊工程學系(資安組)
151012,151,機械工程學系
151022,151,化學工程學系
151032,151,土木與防災工程學系
151042,151,材料科學工程學系
151052,151,環境與安全衛生工程學系
151062,151,能源工程學系
151072,151,建築學系
151082,151,工業設計學系
151092,151,電機工程學系
151102,151,電子工程學系(A組)
151112,151,電子工程學系(B組)
151122,151,光電工程學系
151132,151,資訊工程學系
151142,151,經營管理學系
151152,151,資訊管理學系
151162,151,資訊管理學系(APCS組)
151172,151,財務金融學系
151182,151,臺灣語文與傳播學系
151192,151,華語文學系
151202,151,文化觀光產業學系
151212,151,文化創意與數位行銷學系
152012,152,醫學系
152022,152,護理學系
152032,152,聽力暨語言治療學系聽力組
152042,152,聽力暨語言治療學系語言組
152052,152,視光學系
152062,152,醫學檢驗暨再生醫學學系
152072,152,醫學系(薪傳組)
152082,152,護理學系(薪傳組)
152092,152,聽力暨語言治療學系聽力組(薪傳組)
152102,152,視光學系(薪傳組)
152112,152,醫學檢驗暨再生醫學學系(薪傳組)
152122,152,聽力暨語言治療學系聽力組(青年儲蓄帳戶組)
153012,153,應用英語學系
153022,153,運動與休閒學系
153032,153,企業管理學系
153042,153,電機工程學系
153052,153,電機工程學系(APCS組)
153062,153,食品科學系
153072,153,土木與工程管理學系
153082,153,觀光管理學系
153092,153,資訊工程學系
153102,153,資訊工程學系(APCS組)
153112,153,資訊工程學系(資安組)
153122,153,建築學系
153132,153,國際暨大陸事務學系
153142,153,華語文學系
153152,153,海洋與邊境管理學系
153162,153,工業工程與管理學系
153172,153,護理學系(A組)
153182,153,護理學系(B組)
153192,153,長期照護學系
153202,153,社會工作學系
153212,153,都市計畫與景觀學系
154012,154,基督教博雅學系
154022,154,基督教博雅學系(青年儲蓄帳戶組)
