dept_id,univ_id,department,category
001012,001,中國文學系,中文;文學
001022,001,外國語文學系,外國語文;文學
001032,001,歷史學系,歷史
001042,001,哲學系,哲學
001052,001,人類學系,人類學
001062,001,圖書資訊學系,圖資
001072,001,日本語文學系,日文;文學
001082,001,戲劇學系,戲劇
001092,001,數學系,數學
001102,001,物理學系,物理
001112,001,化學系,化學
001122,001,地質科學系,地球科學
001132,001,心理學系,心理學
001142,001,地理環境資源學系,環境;地理
001152,001,大氣科學系,大氣
001162,001,政治學系政治理論組,政治
001172,001,政治學系國際關係組,政治;國際關係
001182,001,政治學系公共行政組,政治;公共行政
001192,001,經濟學系A組,經濟
001202,001,經濟學系B組,經濟
001212,001,經濟學系C組,經濟
001222,001,社會學系,社會學
001232,001,社會工作學系,社會工作
001242,001,醫學系,醫學
001252,001,醫學系(公費生),醫學
001262,001,牙醫學系,醫學;牙醫
001272,001,藥學系,藥學
001282,001,醫學檢驗暨生物技術學系,生命科學;生物科技;醫學檢驗
001292,001,護理學系,護理
001302,001,物理治療學系,物理;物理治療
001312,001,職能治療學系,職能治療
001322,001,土木工程學系,土木
001332,001,機械工程學系,機械
001342,001,化學工程學系,化學;化學工程
001352,001,工程科學及海洋工程學系,工程科學;船舶工程
001362,001,材料科學與工程學系,材料
001372,001,醫學工程學系,生醫工程
001382,001,農藝學系,農藝
001392,001,生物環境系統工程學系,環境;生命科學;系統工程
001402,001,農業化學系,化學
001412,001,森林環境暨資源學系,環境;森林
001422,001,動物科學技術學系,動物科學
001432,001,農業經濟學系,經濟;農業經濟
001442,001,園藝暨景觀學系,景觀;園藝
001452,001,獸醫學系,獸醫;醫學
001462,001,生物產業傳播暨發展學系,傳播;生命科學
001472,001,生物機電工程學系,機電工程;生命科學;生物機電
001482,001,昆蟲學系,昆蟲
001492,001,植物病理與微生物學系,生命科學;微生物;植物保護
001502,001,工商管理學系企業管理組,管理;企管;工商管理
001512,001,工商管理學系科技管理組,管理;工商管理
001522,001,會計學系,會計
001532,001,財務金融學系,財務金融;金融
001542,001,國際企業學系,國際企業
001552,001,資訊管理學系,管理;資管
001562,001,資訊管理學系(資安組),管理;資管;資訊安全
001572,001,公共衛生學系,公共衛生
001582,001,電機工程學系,電機
001592,001,資訊工程學系,資訊工程
001602,001,資訊工程學系(APCS組),資訊工程
001612,001,資訊工程學系(資安組),資訊工程;資訊安全
001622,001,法律學系法學組,法律
001632,001,法律學系司法組,法律;犯罪
001642,001,法律學系財經法學組,法律
001652,001,生命科學系,生命科學
001662,001,生化科技學系,生物科技
001672,001,國際體育運動事務學士學位學程,學士班;體育
001682,001,希望組甲組(文社法),招生
001692,001,希望組乙組(地理及生傳),招生;地理
001702,001,希望組丙組(理),招生
001712,001,希望組丁組(生醫),招生
001722,001,希望組戊組(工電資),招生
001732,001,希望組己組(經管),招生
001742,001,希望組庚組(生農),招生
001752,001,希望組辛組(醫牙),招生
002012,002,教育學系,教育
002022,002,教育心理與輔導學系,諮商輔導
002032,002,社會教育學系,社會發展;教育
002042,002,社會教育學系(青年儲蓄帳戶組),青年儲蓄;社會發展;教育
002052,002,健康促進與衛生教育學系,教育;職業安全
002062,002,幼兒與家庭科學學系家庭生活與教育組,幼教;家庭
002072,002,幼兒與家庭科學學系幼兒發展與教育組,幼教;家庭
002082,002,幼兒與家庭科學學系幼兒發展與教育組(青年儲蓄帳戶組),青年儲蓄;幼教;家庭
002092,002,公民教育與活動領導學系,教育;休閒
002102,002,特殊教育學系,教育;特教
002112,002,特殊教育學系(公費生),教育;特教
002122,002,學習科學學士學位學程,學士班
002132,002,教育學院學士班,學士班;教育
002142,002,教育學院學士班(青年儲蓄帳戶組),青年儲蓄;學士班;教育
002152,002,國文學系,中文;文學
002162,002,英語學系,英文
002172,002,歷史學系,歷史
002182,002,地理學系,地理
002192,002,臺灣語文學系,文學
002202,002,數學系,數學
002212,002,數學系(公費生),數學
002222,002,物理學系,物理
002232,002,物理學系國際組,物理
002242,002,化學系,化學
002252,002,生命科學系,生命科學
002262,002,地球科學系,地球科學
002272,002,資訊工程學系,資訊工程
002282,002,資訊工程學系(APCS組),資訊工程
002292,002,資訊工程學系(資安組),資訊工程;資訊安全
002302,002,營養科學學士學位學程,學士班;營養
002312,002,科技應用與人力資源發展學系,人資
002322,002,圖文傳播學系,傳播
002332,002,機電工程學系,機電工程
002342,002,電機工程學系,電機
002352,002,光電工程學士學位學程,學士班;光電
002362,002,華語文教學系應用華語文學組,華語;文學
002372,002,東亞學系,區域研究
002382,002,企業管理學系,管理;企管
002392,002,設計學系產品設計組,設計
002402,002,晨光招生(學習科學學士學位學程),學士班
002412,002,晨光招生(生命科學系),生命科學
002422,002,晨光招生(光電工程學士學位學程),學士班;光電
002432,002,晨光招生(企業管理學系),管理;企管
002442,002,晨光招生(表演藝術學士學位學程),學士班;表演藝術
002452,002,音樂學系,音樂
002462,002,表演藝術學士學位學程,學士班;表演藝術
002472,002,設計學系視覺設計組,設計;視覺設計
002482,002,美術學系繪畫組,美術
002492,002,美術學系水墨畫組,美術
002502,002,體育與運動科學系,體育;運動科學
002512,002,體育與運動科學系(公費生A組),體育;運動科學
002522,002,體育與運動科學系(公費生B組),體育;運動科學
003012,003,中國文學系,中文;文學
003022,003,外國語文學系,外國語文;文學
003032,003,歷史學系,歷史
003042,003,台灣人文創新學士學位學程,學士班;台灣;創業
003052,003,財務金融學系,財務金融;金融
003062,003,企業管理學系,管理;企管
003072,003,資訊管理學系,管理;資管
003082,003,資訊管理學系(APCS組),管理;資管
003092,003,會計學系,會計
003102,003,行銷學系,行銷
003112,003,應用經濟學系,經濟
003122,003,法律學系,法律
003132,003,化學系,化學
003142,003,物理學系一般物理組,物理
003152,003,物理學系光電物理組,物理;光電
003162,003,應用數學系應用數學組,數學
003172,003,應用數學系數據科學與計算組,數學;資料科學
003182,003,應用數學系數據科學與計算組(資安組),數學;資料科學;資訊安全
003192,003,機械工程學系,機械
003202,003,土木工程學系,土木
003212,003,環境工程學系,環境工程
003222,003,化學工程學系,化學;化學工程
003232,003,材料科學與工程學系,材料
003242,003,智慧創意工程學士學位學程,學士班
003252,003,電機工程學系,電機
003262,003,資訊工程學系,資訊工程
003272,003,資訊工程學系(APCS組),資訊工程
003282,003,資訊工程學系(資安組),資訊工程;資訊安全
003292,003,電機資訊學院學士班,學士班;電機資訊;電機
003302,003,生物產業機電工程學系,機電工程;生命科學
003312,003,水土保持學系,水土保持
003322,003,食品暨應用生物科技學系,生命科學;食品;生物科技
003332,003,農藝學系,農藝
003342,003,園藝學系,園藝
003352,003,森林學系林學組,森林
003362,003,森林學系木材科學組,森林
003372,003,植物病理學系,植物保護
003382,003,昆蟲學系,昆蟲
003392,003,動物科學系,動物科學
003402,003,土壤環境科學系,環境科學;土壤
003412,003,生物科技學士學位學程,學士班;生命科學;生物科技
003422,003,景觀與遊憩學士學位學程,學士班;景觀
003432,003,國際農企業學士學位學程,學士班
003442,003,生命科學系,生命科學
003452,003,獸醫學系,獸醫;醫學
003462,003,興翼招生A組(商學管理),招生;商學;管理
003472,003,興翼招生B組(文史法律),招生;法律
003482,003,興翼招生C組(化學數學),招生;數學;化學
003492,003,興翼招生D組(化材電資暨工程),招生
003502,003,興翼招生E組(生物資源暨農業科技),招生;生命科學;生物資源
003512,003,興翼招生F組(生物科技暨獸醫),招生;生命科學;獸醫;生物科技
004012,004,中國文學系,中文;文學
004022,004,外國語文學系,外國語文;文學
004032,004,歷史學系,歷史
004042,004,台灣文學系,文學;台灣
004052,004,數學系,數學
004062,004,物理學系,物理
004072,004,化學系,化學
004082,004,地球科學系,地球科學
004092,004,光電科學與工程學系,光電
004102,004,機械工程學系,機械
004112,004,機械工程學系(普渡雙聯組),機械
004122,004,化學工程學系,化學;化學工程
004132,004,材料科學及工程學系,材料
004142,004,資源工程學系,土木;能源;機械
004152,004,土木工程學系,土木
004162,004,水利及海洋工程學系,水利工程;船舶工程
004172,004,工程科學系,工程科學
004182,004,系統及船舶機電工程學系,機電工程;船舶工程
004192,004,航空太空工程學系,航太工程
004202,004,能源工程國際學士學位學程,學士班;能源
004212,004,環境工程學系,環境工程
004222,004,測量及空間資訊學系,測量
004232,004,生物醫學工程學系,生醫工程
004242,004,工業與資訊管理學系,管理;資管
004252,004,工業與資訊管理學系(APCS組),管理;資管
004262,004,交通管理科學系,管理;交通運輸
004272,004,統計學系,統計
004282,004,會計學系,會計
004292,004,企業管理學系,管理;企管
004302,004,醫學系,醫學
004312,004,醫學系(公費生),醫學
004322,004,牙醫學系,醫學;牙醫
004332,004,醫學檢驗生物技術學系,生命科學;生物科技;醫學檢驗
004342,004,護理學系,護理
004352,004,物理治療學系,物理;物理治療
004362,004,職能治療學系,職能治療
004372,004,藥學系,藥學
004382,004,政治學系,政治
004392,004,經濟學系,經濟
004402,004,法律學系,法律
004412,004,心理學系,心理學
004422,004,電機工程學系,電機
004432,004,電機工程學系(普渡雙聯組),電機
004442,004,資訊工程學系,資訊工程
004452,004,資訊工程學系(智慧系統組),資訊工程
004462,004,資訊工程學系(普渡雙聯組),資訊工程
004472,004,建築學系,建築
004482,004,都市計劃學系,都市計畫
004492,004,工業設計學系,設計;工業設計
004502,004,生命科學系,生命科學
004512,004,生物科技與產業科學系,生命科學;生物科技
004522,004,生物科技與產業科學系(APCS組),生命科學;生物科技
004532,004,全校不分系學士學位學程,不分系;學士班
004542,004,成星招生甲組(文社),招生
004552,004,成星招生乙組(管理),管理
004562,004,成星招生丙組(理),招生
004572,004,成星招生丁組(工),招生
004582,004,成星招生戊組(生醫),招生
005012,005,中國文學系,中文;文學
005022,005,歷史學系,歷史
005032,005,哲學系,哲學
005042,005,政治學系,政治
005052,005,社會學系,社會學
005062,005,社會工作學系,社會工作
005072,005,英文學系,英文;文學
005082,005,日本語文學系,日文;文學
005092,005,德國文化學系,中文;文化;化學
005102,005,數學系,數學
005112,005,物理學系,物理
005122,005,化學系,化學
005132,005,微生物學系,生命科學;微生物
005142,005,心理學系,心理學
005152,005,法律學系,法律
005162,005,經濟學系,經濟
005172,005,會計學系,會計
005182,005,企業管理學系,管理;企管
005192,005,國際經營與貿易學系,管理;貿易
005202,005,財務工程與精算數學系,財務工程;精算;數學
005212,005,資訊管理學系,管理;資管
005222,005,資訊管理學系(APCS組),管理;資管
005232,005,資料科學系,資料科學
005242,005,音樂學系,音樂
006012,006,中國文學系,中文;文學
006022,006,歷史學系,歷史
006032,006,哲學系,哲學
006042,006,教育學系,教育
006052,006,政治學系,政治
006062,006,社會學系,社會學
006072,006,財政學系,財稅
006082,006,公共行政學系,公共行政
006092,006,地政學系土地資源規劃組,地政;土地
006102,006,地政學系土地管理組,地政;土地;管理
006112,006,地政學系土地測量與資訊組,地政;土地;測量
006122,006,經濟學系,經濟
006132,006,民族學系,民族研究
006142,006,外交學系,國際關係
006152,006,國際經營與貿易學系,管理;貿易
006162,006,金融學系,金融
006172,006,會計學系,會計
006182,006,統計學系(甲組),統計
006192,006,統計學系(乙組),統計
006202,006,企業管理學系,管理;企管
006212,006,資訊管理學系,管理;資管
006222,006,財務管理學系,管理
006232,006,風險管理與保險學系,管理;風險管理;保險
006242,006,傳播學院大一大二不分系(社會組),不分系;傳播
006252,006,傳播學院大一大二不分系(自然組),不分系;傳播
006262,006,英國語文學系,文學
006272,006,阿拉伯語文學系,文學
006282,006,斯拉夫語文學系,文學
006292,006,日本語文學系,日文;文學
006302,006,韓國語文學系,韓文;文學
006312,006,土耳其語文學系,文學
006322,006,歐洲語文學系法文組,文學
006332,006,歐洲語文學系德文組,文學
006342,006,歐洲語文學系西班牙文組,文學
006352,006,東南亞語文學系越文組,文學
006362,006,東南亞語文學系泰文組,文學
006372,006,東南亞語文學系印尼文組,文學
006382,006,法律學系,法律
006392,006,應用數學系,數學
006402,006,心理學系,心理學
006412,006,資訊科學系,資訊科學
006422,006,資訊科學系(APCS組),資訊科學
006432,006,資訊科學系(資安組),資訊科學;資訊安全
006442,006,創新國際學院學士班,學士班;創業
006452,006,政星招生(甲組),招生
006462,006,政星招生(乙組),招生
007012,007,醫學系,醫學
007022,007,運動醫學系,醫學
007032,007,呼吸治療學系,呼吸治療
007042,007,牙醫學系,醫學;牙醫
007052,007,口腔衛生學系,公共衛生
007062,007,藥學系,藥學
007072,007,香粧品學系,招生
007082,007,護理學系,護理
007092,007,公共衛生學系,公共衛生
007102,007,醫學檢驗生物技術學系,生命科學;生物科技;醫學檢驗
007112,007,醫學影像暨放射科學系,醫學;醫學影像
007122,007,職能治療學系,職能治療
007132,007,物理治療學系,物理;物理治療
007142,007,醫務管理暨醫療資訊學系,醫療資訊;管理;健康管理
007152,007,醫務管理暨醫療資訊學系(APCS組),醫療資訊;管理;健康管理
007162,007,醫藥暨應用化學系應用化學組,化學
007172,007,醫藥暨應用化學系醫藥化學組,化學
007182,007,生物醫學暨環境生物學系,環境;生命科學;醫學
007192,007,生物科技學系,生命科學;生物科技
007202,007,生命科學院學士班,學士班;生命科學
007212,007,心理學系,心理學
007222,007,醫學社會學與社會工作學系,社會學;社會工作;醫學
007232,007,薪火招生A1組(醫學系),招生;醫學
007242,007,薪火招生A2組(牙醫學系),招生;醫學;牙醫
007252,007,薪火招生A3組(藥學系),招生;藥學
007262,007,薪火招生B組(醫事證照類),招生;醫事
007272,007,薪火招生C組(運醫、醫化與香粧品學系),招生
007282,007,薪火招生D組(人文社會科學類),招生
007292,007,薪火招生E組(生命科學類),招生;生命科學
007302,007,薪火招生F組(口衛、公衛與醫管資學系),招生
007312,007,醫學系(公費生),醫學
008012,008,應用數學系,數學
008022,008,物理學系物理組,物理
008032,008,物理學系光電與材料科學組,物理;光電;材料
008042,008,化學系化學組,化學
008052,008,化學系材料化學組,化學;材料
008062,008,心理學系,心理學
008072,008,生物科技學系,生命科學;生物科技
008082,008,化學工程學系綠能製程組,化學;化學工程;能源
008092,008,化學工程學系生化工程組,化學;化學工程
008102,008,化學工程學系材料工程組,化學;化學工程;材料
008112,008,土木工程學系,土木
008122,008,機械工程學系,機械
008132,008,生物醫學工程學系,生醫工程
008142,008,環境工程學系,環境工程
008152,008,電機資訊學院學士班,學士班;電機資訊;電機
008162,008,工業與系統工程學系工程組,系統工程
008172,008,工業與系統工程學系管理組,管理;系統工程
008182,008,電子工程學系,電子
008192,008,資訊工程學系,資訊工程
008202,008,電機工程學系,電機
008212,008,中原大學美國威大密爾瓦基分校電機與資訊工程雙學士學位學程,學士班;資訊工程;電機
008222,008,電機資訊學院智慧運算與大數據學士班,學士班;大數據;電機資訊;電機
008232,008,企業管理學系服務業管理組,管理;企管
008242,008,企業管理學系高科技業管理組,管理;企管
008252,008,企業管理學系工商管理組,管理;企管;工商管理
008262,008,國際經營與貿易學系,管理;貿易
008272,008,會計學系,會計
008282,008,資訊管理學系,管理;資管
008292,008,財務金融學系,財務金融;金融
008302,008,中原大學與美國天普大學商學管理雙學士學位學程,學士班;商學;管理
008312,008,財經法律學系財貿法組,法律
008322,008,財經法律學系科技法組,法律
008332,008,建築學系,建築
008342,008,室內設計學系,設計;室內
008352,008,商業設計學系商業設計組,設計
008362,008,商業設計學系產品設計組乙類,設計
008372,008,地景建築學系,建築
008382,008,英國牛津布魯克斯大學建築及都市設計雙學士學位學程,學士班;設計;建築
008392,008,特殊教育學系,教育;特教
008402,008,應用外國語文學系,外國語文;文學
008412,008,應用華語文學系,華語;文學
008422,008,商業設計學系產品設計組甲類,設計
009012,009,中國文學系,中文;文學
009022,009,外國語文學系,外國語文;文學
009032,009,歷史學系,歷史
009042,009,日本語言文化學系,日文;文化;化學
009052,009,哲學系,哲學
009062,009,應用物理學系,物理
009072,009,化學系化學組,化學
009082,009,化學系化學生物組,化學;生命科學
009092,009,生命科學系生物醫學組,生命科學;醫學
009102,009,生命科學系生態暨生物多樣性組,生命科學
009112,009,智慧計算暨應用數學系(A組),數學
009122,009,智慧計算暨應用數學系(B組),數學
009132,009,化學工程與材料工程學系,化學;化學工程;材料
009142,009,工業工程與經營資訊學系(智慧設計與生產組),管理;設計;工業工程
009152,009,工業工程與經營資訊學系(智慧經營與管理組),管理;工業工程
009162,009,環境科學與工程學系,環境科學
009172,009,資訊工程學系,資訊工程
009182,009,資訊工程學系(APCS組),資訊工程
009192,009,電機工程學系,電機
009202,009,企業管理學系,管理;企管
009212,009,國際經營與貿易學系,管理;貿易
009222,009,會計學系,會計
009232,009,財務金融學系,財務金融;金融
009242,009,統計學系(巨量資料管理組),管理;統計
009252,009,統計學系(決策管理組),管理;統計
009262,009,資訊管理學系,管理;資管
009272,009,經濟學系,經濟
009282,009,政治學系,政治
009292,009,行政管理暨政策學系,政策;管理
009302,009,社會學系,社會學
009312,009,社會工作學系,社會工作
009322,009,畜產與生物科技學系,生命科學;動物科學;生物科技
009332,009,食品科學系,食品
009342,009,餐旅管理學系,管理;餐旅
009352,009,高齡健康與運動科學學士學位學程,學士班;運動科學;高齡
009362,009,建築學系,建築
009372,009,工業設計學系(A組),設計;工業設計
009382,009,工業設計學系(B組),設計;工業設計
009392,009,景觀學系,景觀
009402,009,法律學系,法律
009412,009,國際學院國際經營管理學位學程,管理;學士班
009422,009,永續科學與管理學士學位學程,學士班;管理
009432,009,音樂學系(演奏唱組),音樂
009442,009,音樂學系(音樂治療組),音樂
009452,009,美術學系,美術
011012,011,中國文學系甲組(一般組),中文;文學
011022,011,中國文學系乙組(華語文教學組),中文;華語;文學
011032,011,外國語文學系,外國語文;文學
011042,011,人文社會學院學士班,學士班;社會學
011052,011,教育與學習科技學系,教育科技
011062,011,幼兒教育學系,教育;幼教
011072,011,教育心理與諮商學系,諮商輔導;商學
011082,011,教育心理與諮商學系(公費生甲組),諮商輔導;商學
011092,011,教育心理與諮商學系(公費生乙組),諮商輔導;商學
011102,011,特殊教育學系,教育;特教
011112,011,英語教學系,英文
011122,011,竹師教育學院學士班,學士班;教育
011132,011,環境與文化資源學系,文化資源;環境
011142,011,經濟學系,經濟
011152,011,科技管理學院學士班,學士班;管理
011162,011,計量財務金融學系,財務金融;金融
011172,011,數學系甲組(數學組),數學
011182,011,數學系乙組(應用數學組),數學
011192,011,物理學系物理組(甲組一般組),物理
011202,011,物理學系物理組(乙組天文物理組),物理
011212,011,物理學系光電物理組,物理;光電
011222,011,化學系,化學
011232,011,理學院學士班,學士班
011242,011,生醫工程與環境科學系,環境科學;生醫工程
011252,011,工程與系統科學系甲組(低碳綠能組),能源
011262,011,工程與系統科學系乙組(智慧奈米系統組),奈米
011272,011,原子科學院學士班,學士班
011282,011,化學工程學系,化學;化學工程
011292,011,動力機械工程學系,機械
011302,011,材料科學工程學系,材料
011312,011,工業工程與工程管理學系,管理;工業工程
011322,011,工學院學士班,學士班
011332,011,電機工程學系甲組,電機
011342,011,電機工程學系乙組,電機
011352,011,資訊工程學系甲組(電子資訊組),資訊工程;電子
011362,011,資訊工程學系乙組(資訊工程組),資訊工程
011372,011,資訊工程學系丙組(人工智慧組),資訊工程;人工智慧
011382,011,資訊工程學系(APCS組),資訊工程
011392,011,電機資訊學院學士班,學士班;電機資訊;電機
011402,011,生命科學系,生命科學
011412,011,醫學科學系,醫學
011422,011,生命科學暨醫學院學士班,學士班;生命科學;醫學
011432,011,清華學院學士班甲組(不分系招生–創新設計),不分系;學士班;設計;創業
011442,011,清華學院學士班乙組(青年儲蓄帳戶組),青年儲蓄;學士班
011452,011,旭日招生甲組(人文、教育),招生
011462,011,旭日招生乙組(科管),招生
011472,011,旭日招生丙組(理工、原科、生科),招生
011482,011,旭日招生丁組(電資院),招生
011492,011,運動科學系,運動科學
011502,011,藝術學院學士班(科技藝術組),學士班
011512,011,藝術學院學士班(音樂組),學士班;音樂
011522,011,藝術學院學士班(藝設跨域組),學士班;跨域
011532,011,音樂學系,音樂
011542,011,藝術與設計學系創作組,設計
011552,011,藝術與設計學系設計組,設計
012012,012,牙醫學系,醫學;牙醫
012022,012,醫學系,醫學
012032,012,中醫學系甲組,醫學;中醫
012042,012,中醫學系乙組,醫學;中醫
012052,012,藥學系,藥學
012062,012,護理學系,護理
012072,012,醫學檢驗生物技術學系,生命科學;生物科技;醫學檢驗
012082,012,營養學系,營養
012092,012,物理治療學系,物理;物理治療
012102,012,生物科技學系,生命科學;生物科技
012112,012,運動醫學系,醫學
012122,012,中國藥學暨中藥資源學系,藥學
012132,012,藥用化妝品學系,化妝品
012142,012,生物醫學影像暨放射科學學系,醫學;醫學影像
012152,012,公共衛生學院大一不分系,不分系;公共衛生
012162,012,生物醫學工程學系,生醫工程
012172,012,醫療資訊學系,醫療資訊
013012,013,電機工程學系甲組(電資國際組),電機
013022,013,電機工程學系乙組(電機工程組),電機
013032,013,電機工程學系丙組(醫學電資組),電機;醫學
013042,013,光電工程學系甲組(智慧系統組),光電
013052,013,光電工程學系乙組(半導體光電組),光電;半導體
013062,013,資訊工程學系(甲組),資訊工程
013072,013,資訊工程學系(乙組),資訊工程
013082,013,資訊工程學系(APCS組),資訊工程
013092,013,資訊工程學系(資安組),資訊工程;資訊安全
013102,013,半導體工程學系固態電子組,電子;半導體
013112,013,半導體工程學系奈米科學組,半導體;奈米
013122,013,材料科學與工程學系,材料
013132,013,機械工程學系,機械
013142,013,土木工程學系甲組(科技暨基礎建設永續發展組),土木;建設
013152,013,土木工程學系乙組(科技暨基礎建設永續發展國際組),土木;建設
013162,013,理學院科學學士學位學程(乙組),學士班
013172,013,理學院科學學士學位學程(丙組),學士班
013182,013,電子物理學系光電與奈米科學組,物理;電子;光電;奈米
013192,013,電子物理學系電子物理組,物理;電子
013202,013,應用化學系,化學
013212,013,應用數學系,數學
013222,013,生物科技學系(甲組),生命科學;生物科技
013232,013,生物科技學系(乙組),生命科學;生物科技
013242,013,資訊管理與財務金融學系資訊管理組,管理;財務金融;金融;資管
013252,013,資訊管理與財務金融學系財務金融組,管理;財務金融;金融;資管
013262,013,管理科學系,管理
013272,013,運輸與物流管理學系,管理;物流
013282,013,工業工程與管理學系,管理;工業工程
013292,013,外國語文學系甲組(跨域人文組),跨域;外國語文;文學
013302,013,外國語文學系乙組(語言科學組),外國語文;文學
013312,013,傳播與科技學系,傳播
013322,013,人文社會學系,社會學
013332,013,屯蒙-電機資訊組,招生;電機資訊;電機
013342,013,屯蒙-工程組,招生
013352,013,屯蒙-理學生物科技組,招生;生命科學;生物科技
013362,013,屯蒙-管理組,招生;管理
013372,013,屯蒙-人文社會組,招生
013382,013,屯蒙-醫學組,招生;醫學
013392,013,屯蒙-牙醫組,招生;牙醫
013402,013,屯蒙-醫事證照組,招生;醫事
013412,013,屯蒙-生醫科學組,招生
013422,013,醫學系醫師組,醫學
013432,013,醫學系醫師科學家組,醫學
013442,013,醫學系醫師工程師組,醫學
013452,013,醫學系(公費生),醫學
013462,013,牙醫學系,醫學;牙醫
013472,013,醫學生物技術暨檢驗學系(生技及檢驗醫學組),生命科學;生物科技;醫學
013482,013,醫學生物技術暨檢驗學系(資訊及精準醫學組),生命科學;生物科技;醫學
013492,013,生物醫學影像暨放射科學系,醫學;醫學影像
013502,013,護理學系,護理
013512,013,物理治療暨輔助科技學系,物理;物理治療
013522,013,生命科學系暨基因體科學研究所(生物醫學科學組),生命科學;醫學
013532,013,生命科學系暨基因體科學研究所(生醫光電與資訊組),生命科學;光電
013542,013,生物醫學工程學系,生醫工程
013552,013,藥學系,藥學
013562,013,學士班大一大二不分系,不分系;學士班
013572,013,中醫學系,醫學;中醫
014012,014,中國文學學系,中文;文學
014022,014,歷史學系,歷史
014032,014,資訊與圖書館學系,圖資
014042,014,大眾傳播學系,傳播
014052,014,資訊傳播學系,傳播
014062,014,教育科技學系,教育科技
014072,014,教育與未來設計學系,設計
014082,014,英文學系,英文;文學
014092,014,英文學系全英語學士班,學士班;全英;英文;文學
014102,014,歐洲語文學系法文組,文學
014112,014,歐洲語文學系德文組,文學
014122,014,歐洲語文學系西文組,文學
014132,014,歐洲語文學系俄文組,文學
014142,014,日本語文學系,日文;文學
014152,014,財務金融學系,財務金融;金融
014162,014,財務金融學系全球財務管理全英語學士班,學士班;全英;英文;管理;財務金融;金融
014172,014,國際企業學系經貿管理組,管理;國際企業
014182,014,國際企業學系國際商學全英語組,全英;英文;商學;國際企業
014192,014,風險管理與保險學系,管理;風險管理;保險
014202,014,經濟學系,經濟
014212,014,會計學系,會計
014222,014,企業管理學系,管理;企管
014232,014,企業管理學系全英語學士班,學士班;全英;英文;管理;企管
014242,014,統計與資料科學學系,統計;資料科學
014252,014,資訊管理學系,管理;資管
014262,014,運輸管理學系,管理;運管
014272,014,公共行政學系,公共行政
014282,014,管理科學學系,管理
014292,014,外交與國際關係學系全英語學士班,學士班;全英;英文;國際關係
014302,014,國際觀光管理學系全英語學士班,學士班;全英;英文;管理;觀光
014312,014,全球政治經濟學系全英語學士班,學士班;全英;英文;經濟
014322,014,應用數學與數據科學學系,數學;資料科學
014332,014,化學學系,化學
014342,014,物理學系(量子材料組),物理;材料
014352,014,物理學系(天文與基礎物理組),物理
014362,014,建築學系,建築
014372,014,土木工程學系,土木
014382,014,資訊工程學系,資訊工程
014392,014,資訊工程學系全英語學士班,學士班;全英;英文;資訊工程
014402,014,機械與機電工程學系,機電工程;機械
014412,014,電機工程學系電機資訊組,電機資訊;電機
014422,014,電機工程學系電機通訊組,通訊;電機
014432,014,電機工程學系電機與系統組,電機
014442,014,化學工程與材料工程學系,化學;化學工程;材料
014452,014,航空太空工程學系,航太工程
014462,014,水資源及環境工程學系,環境工程
014472,014,人工智慧學系,人工智慧
014482,014,資訊工程學系(APCS組),資訊工程
014492,014,電機工程學系電機資訊組(APCS組),電機資訊;電機
014502,014,人工智慧學系(APCS組),人工智慧
014512,014,資訊管理學系(APCS組),管理;資管
014522,014,建築學系(青年儲蓄帳戶組),青年儲蓄;建築
015012,015,機械與電腦輔助工程學系,機械
015022,015,纖維與複合材料學系,材料
015032,015,工業工程與系統管理學系A組,管理;工業工程
015042,015,工業工程與系統管理學系B組,管理;工業工程
015052,015,化學工程學系,化學;化學工程
015062,015,航太與系統工程學系,航太工程;系統工程;航太
015072,015,精密系統設計學士學位學程,學士班;設計
015082,015,應用數學系A組,數學
015092,015,應用數學系B組,數學
015102,015,材料科學與工程學系,材料
015112,015,環境工程與科學學系,環境工程
015122,015,光電科學與工程學系,光電
015132,015,會計學系,會計
015142,015,國際經營與貿易學系,管理;貿易
015152,015,國際企業管理全英語學士學位學程,學士班;全英;英文;管理;企管;國際企業
015162,015,財稅學系,財稅
015172,015,合作經濟暨社會事業經營學系,管理
015182,015,統計學系商業大數據組,統計;大數據
015192,015,統計學系大數據分析與市場決策組,行銷;統計;大數據
015202,015,經濟學系,經濟
015212,015,企業管理學系,管理;企管
015222,015,行銷學系,行銷
015232,015,中國文學系,中文;文學
015242,015,外國語文學系,外國語文;文學
015252,015,資訊工程學系,資訊工程
015262,015,資訊工程學系(APCS組),資訊工程
015272,015,資訊工程學系(資安組),資訊工程;資訊安全
015282,015,電子工程學系,電子
015292,015,電機工程學系,電機
015302,015,自動控制工程學系,控制工程
015312,015,資訊電機學院學士班,學士班;電機
015322,015,通訊工程學系,通訊
015332,015,土木工程學系,土木
015342,015,水利工程與資源保育學系,水利工程;自然資源
015352,015,都市計畫與空間資訊學系,都市計畫
015362,015,運輸與物流學系,物流
015372,015,土地管理學系,土地;管理
015382,015,財務金融學系,財務金融;金融
015392,015,風險管理與保險學系,管理;風險管理;保險
015402,015,財務工程與精算學士學位學程,學士班;財務工程;精算
015412,015,金融學院學士班,學士班;金融
015422,015,室內設計學士學位學程,學士班;設計;室內
015432,015,建築專業學院學士班,學士班;建築
015442,015,澳洲墨爾本皇家理工大學商學與創新雙學士學位學程,學士班;商學;創業
015452,015,澳洲昆士蘭大學商學雙學士學位學程,學士班;商學
015462,015,澳洲新南威爾斯大學設計雙學士學位學程,學士班;設計
015472,015,澳洲昆士蘭大學電機工程雙學士學位學程,學士班;電機
015482,015,澳洲蒙納許大學資訊工程雙學士學位學程,學士班;資訊工程
015492,015,美國加州聖荷西州立大學商學大數據分析雙學士學位學程,學士班;商學;大數據
015502,015,美國加州聖荷西州立大學電機工程雙學士學位學程,學士班;電機
015512,015,美國加州舊金山州立大學資訊工程雙學士學位學程,學士班;資訊工程
015522,015,人工智慧技術與應用學士學位學程,學士班;人工智慧
016012,016,中國文學系,中文;文學
016022,016,英美語文學系,文學
016032,016,法國語文學系,法文;文學
016042,016,文學院學士班,學士班;文學
016052,016,數學系數學科學組,數學
016062,016,數學系計算與資料科學組,數學;資料科學
016072,016,物理學系,物理
016082,016,化學學系,化學
016092,016,光電科學與工程學系,光電
016102,016,理學院學士班,學士班
016112,016,土木工程學系,土木
016122,016,機械工程學系先進材料與精密製造組,機械;材料
016132,016,機械工程學系光機電工程組,機電工程;機械
016142,016,機械工程學系設計與分析組,設計;機械
016152,016,化學工程與材料工程學系,化學;化學工程;材料
016162,016,工學院學士班,學士班
016172,016,企業管理學系,管理;企管
016182,016,資訊管理學系,管理;資管
016192,016,資訊管理學系(APCS組),管理;資管
016202,016,經濟學系,經濟
016212,016,財務金融學系,財務金融;金融
016222,016,電機工程學系,電機
016232,016,資訊工程學系,資訊工程
016242,016,資訊工程學系(APCS組),資訊工程
016252,016,資訊工程學系(資安組),資訊工程;資訊安全
016262,016,通訊工程學系,通訊
016272,016,資訊電機學院學士班,學士班;電機
016282,016,大氣科學學系,大氣
016292,016,太空科學與工程學系,材料
016302,016,地球科學學系,地球科學
016312,016,地球科學學院學士班,學士班;地球科學
016322,016,客家語文暨社會科學學系客家語文及傳播組,傳播
016332,016,客家語文暨社會科學學系客家社會及政策組,政策
016342,016,生命科學系,生命科學
016352,016,生醫科學與工程學系,材料
016362,016,向日葵聯合招生甲組(電資),招生
016372,016,向日葵聯合招生乙組(商管),招生
016382,016,向日葵聯合招生丙組(理學),招生
016392,016,向日葵聯合招生丁組(工程),招生
016402,016,向日葵聯合招生戊組(人社),招生
017012,017,哲學系,哲學
017022,017,中國文學系,中文;文學
017032,017,史學系,歷史
017042,017,日本語文學系,日文;文學
017052,017,韓國語文學系,韓文;文學
017062,017,歐美語文學系,文學
017072,017,全球商務學士學位學程,學士班
017082,017,應用數學系,數學
017092,017,光電物理學系,物理;光電
017102,017,化學系,化學
017112,017,地理學系,地理
017122,017,大氣與地質科學系,地球科學;大氣
017132,017,生命科學系,生命科學
017142,017,法律學系,法律
017152,017,政治學系,政治
017162,017,經濟學系,經濟
017172,017,勞動暨人力資源學系,勞動;人資
017182,017,社會福利學系,職業安全
017192,017,行政管理學系,管理
017202,017,園藝暨生物技術學系,生命科學;園藝;生物科技
017212,017,動物科學系,動物科學
017222,017,森林暨自然保育學系,森林
017232,017,土地資源學系,土地
017242,017,生活應用科學系,物理;化學;奈米
017252,017,保健營養學系,營養
017262,017,化學工程與材料工程學系,化學;化學工程;材料
017272,017,電機工程學系,電機
017282,017,機械工程學系,機械
017292,017,紡織科技創新與應用工程學系,創業
017302,017,資訊工程學系,資訊工程
017312,017,國際貿易學系,貿易
017322,017,國際企業管理學系,管理;企管;國際企業
017332,017,會計學系,會計
017342,017,觀光事業學系,管理;觀光
017352,017,資訊管理學系(智慧商務科技組),管理;資管
017362,017,資訊管理學系(人工智慧組),管理;資管;人工智慧
017372,017,財務金融學系金融行銷組,行銷;財務金融;金融
017382,017,財務金融學系財務金融組,財務金融;金融
017392,017,財務金融學系數位金融組,財務金融;金融
017402,017,行銷學士學位學程,學士班;行銷
017412,017,新聞學系,新聞
017422,017,廣告學系,廣告
017432,017,資訊傳播學系,傳播
017442,017,大眾傳播學系,傳播
017452,017,都市計劃與開發管理學系,都市計畫;管理
017462,017,建築及都市設計學系,設計;建築
017472,017,景觀學系,景觀
017482,017,教育與學習科技學系,教育科技
017492,017,心理輔導學系,諮商輔導
017502,017,戲劇學系,戲劇
017512,017,中國戲劇學系,戲劇
017522,017,音樂學系(西樂A組),音樂
017532,017,音樂學系(西樂B組),音樂
017542,017,音樂學系(國樂組),音樂
017552,017,美術學系,美術
018012,018,英國語文學系,文學
018022,018,西班牙語文學系,西文;文學
018032,018,日本語文學系,日文;文學
018042,018,中國文學系,中文;文學
018052,018,社會工作與兒童少年福利學系,兒童家庭;社會工作
018062,018,台灣文學系,文學;台灣
018072,018,法律學系,法律
018082,018,生態人文學系,文學
018092,018,大眾傳播學系,傳播
018102,018,財務工程學系,財務工程
018112,018,應用化學系,化學
018122,018,食品營養學系,食品;營養
018132,018,化粧品科學系,食品
018142,018,資料科學暨大數據分析與應用學系,資料科學;大數據
018152,018,永續環境與智慧科技學士學位學程,環境;學士班
018162,018,行銷與數位經營管理學系,管理;行銷
018172,018,國際企業學系,國際企業
018182,018,會計學系,會計
018192,018,觀光事業學系,管理;觀光
018202,018,財務金融學系,財務金融;金融
018212,018,資訊管理學系(人工智慧應用組),管理;資管;人工智慧
018222,018,資訊管理學系(智慧商務與大數據應用組),管理;資管;大數據
018232,018,資訊管理學系(APCS組),管理;資管
018242,018,資訊管理學系(資安組),管理;資管;資訊安全
018252,018,資訊工程學系,資訊工程
018262,018,資訊工程學系(APCS組),資訊工程
018272,018,資訊工程學系(資安組),資訊工程;資訊安全
018282,018,人工智慧應用學系,人工智慧
018292,018,人工智慧應用學系(APCS組),人工智慧
018302,018,人工智慧應用學系(資安組),人工智慧;資訊安全
018312,018,晶片設計學士學位學程,學士班;設計
018322,018,寰宇管理學士學位學程,學士班;管理
018332,018,寰宇外語教育學士學位學程,學士班;教育
018342,018,智慧媒體與創新科技應用學士學位學程,學士班;創業
019012,019,機械與材料工程學系,機械;材料
019022,019,化學工程與生物科技學系,化學;生命科學;化學工程;生物科技
019032,019,工程學院學士班,學士班
019042,019,電機工程學系,電機
019052,019,資訊工程學系,資訊工程
019062,019,事業與資訊經營學系,管理
019072,019,應用外語學系,外國語文
019082,019,工業設計學系,設計;工業設計
019092,019,數位媒體設計學系互動媒體設計組,多媒體;設計
019102,019,數位媒體設計學系數位遊戲設計組,多媒體;遊戲;設計
019112,019,電機工程學系(青年儲蓄帳戶組),青年儲蓄;電機
020012,020,中國文學系,中文;文學
020022,020,歷史學系,歷史
020032,020,哲學系,哲學
020042,020,人文與社區創新學士學位學程,學士班;創業
020052,020,景觀設計學系,設計;景觀
020062,020,景觀設計學系(青年儲蓄帳戶組),青年儲蓄;設計;景觀
020072,020,影像傳播學系,傳播
020082,020,新聞傳播學系,傳播;新聞
020092,020,廣告傳播學系,傳播;廣告
020102,020,圖書資訊學系,圖資
020112,020,教育領導與科技發展學士學位學程,學士班
020122,020,護理學系,護理
020132,020,公共衛生學系,公共衛生
020142,020,公共衛生學系(青年儲蓄帳戶組),青年儲蓄;公共衛生
020152,020,醫學系,醫學
020162,020,醫學系(公費生),醫學
020172,020,臨床心理學系,心理學
020182,020,職能治療學系,職能治療
020192,020,呼吸治療學系,呼吸治療
020202,020,數學系資訊數學組,數學
020212,020,數學系應用數學組,數學
020222,020,化學系,化學
020232,020,資訊工程學系,資訊工程
020242,020,資訊工程學系(APCS組),資訊工程
020252,020,生命科學系,生命科學
020262,020,生命科學系(青年儲蓄帳戶組),青年儲蓄;生命科學
020272,020,物理學系電子物理組,物理;電子
020282,020,物理學系光電物理組,物理;光電
020292,020,電機工程學系,電機
020302,020,電機工程學系(APCS組),電機
020312,020,醫學資訊與創新應用學士學位學程,醫療資訊;學士班;創業
020322,020,醫學資訊與創新應用學士學位學程(資安組),醫療資訊;學士班;創業;資訊安全
020332,020,人工智慧與資訊安全學士學位學程,學士班;人工智慧;資訊安全
020342,020,人工智慧與資訊安全學士學位學程(資安組),學士班;人工智慧;資訊安全
020352,020,英國語文學系,文學
020362,020,法國語文學系,法文;文學
020372,020,西班牙語文學系,西文;文學
020382,020,日本語文學系,日文;文學
020392,020,義大利語文學系,文學
020402,020,德語語文學系,德文;文學
020412,020,國際溝通與科技創新學士學位學程,學士班;創業
020422,020,織品服裝學系織品設計組,設計;時尚
020432,020,織品服裝學系服飾設計組,設計;時尚
020442,020,織品服裝學系織品服飾行銷組,時尚;行銷
020452,020,餐旅管理學系,管理;餐旅
020462,020,兒童與家庭學系,兒童家庭
020472,020,食品科學系,食品
020482,020,營養科學系,營養
020492,020,法律學系,法律
020502,020,財經法律學系,法律
020512,020,企業管理學系,管理;企管
020522,020,會計學系,會計
020532,020,資訊管理學系,管理;資管
020542,020,資訊管理學系(APCS組),管理;資管
020552,020,統計資訊學系,統計
020562,020,金融與國際企業學系,國際企業;金融
020572,020,社會學系,社會學
020582,020,社會工作學系,社會工作
020592,020,經濟學系,經濟
020602,020,宗教學系,宗教
020612,020,心理學系,心理學
020622,020,天主教研修學士學位學程,學士班
020632,020,音樂學系應用音樂組,音樂
020642,020,音樂學系器樂組,音樂
020652,020,音樂學系爵士音樂組,音樂
020662,020,應用美術學系,美術
020672,020,體育學系體育學組,體育
020682,020,體育學系運動健康管理組,管理;體育;健康管理
021012,021,商船學系,航運
021022,021,航運管理學系,航運;管理;運管
021032,021,運輸科學系A組,交通運輸
021042,021,運輸科學系B組,交通運輸
021052,021,輪機工程學系,電機
021062,021,食品科學系,食品
021072,021,水產養殖學系,水產
021082,021,生命科學暨生物科技學系,生命科學;生物科技
021092,021,系統工程暨造船學系,系統工程
021102,021,河海工程學系,水利工程
021112,021,機械與機電工程學系,機電工程;機械
021122,021,海洋環境資訊系,環境
021132,021,環境生物與漁業科學學系,環境;生命科學;水產
021142,021,電機工程學系,電機
021152,021,電機工程學系(青年儲蓄帳戶組),青年儲蓄;電機
021162,021,資訊工程學系,資訊工程
021172,021,資訊工程學系(APCS組),資訊工程
021182,021,資訊工程學系(資安組),資訊工程;資訊安全
021192,021,通訊與導航工程學系,通訊
021202,021,光電與材料科技學系,光電;材料
021212,021,海洋觀光管理學士學位學程,學士班;管理;觀光
021222,021,海洋觀光管理學士學位學程(青年儲蓄帳戶組),青年儲蓄;學士班;管理;觀光
021232,021,海洋法政學士學位學程,學士班
021242,021,海洋法政學士學位學程(青年儲蓄帳戶組),青年儲蓄;學士班
021252,021,海洋文創設計產業學士學位學程,學士班;設計
021262,021,海洋經營管理學士學位學程,管理;學士班
021272,021,海洋工程科技學士學位學程,學士班;船舶工程
021282,021,海洋生物科技學士學位學程,學士班;生命科學;生物科技
022012,022,國文學系,中文;文學
022022,022,英語學系,英文
022032,022,地理學系,地理
022042,022,數學系數學組,數學
022052,022,數學系應用數學組,數學
022062,022,化學系,化學
022072,022,物理學系,物理
022082,022,生物科技系,生命科學;生物科技
022092,022,教育學系,教育
022102,022,特殊教育學系,教育;特教
022112,022,事業經營學系,管理
022122,022,工業科技教育學系科技教育與訓練組,教育
022132,022,工業科技教育學系能源與冷凍空調組,教育;能源
022142,022,工業設計學系(A組),設計;工業設計
022152,022,工業設計學系(B組),設計;工業設計
022162,022,電機工程學系,電機
022172,022,電子工程學系,電子
022182,022,軟體工程與管理學系,管理;軟體
022192,022,軟體工程與管理學系(APCS組),管理;軟體
022202,022,軟體工程與管理學系(資安組),管理;資訊安全;軟體
022212,022,音樂學系,音樂
022222,022,美術學系,美術
022232,022,視覺設計學系,設計;視覺設計
022242,022,體育學系,體育
023012,023,輔導與諮商學系學校輔導與諮商組,諮商輔導;商學
023022,023,輔導與諮商學系社區輔導與諮商組,諮商輔導;商學
023032,023,特殊教育學系,教育;特教
023042,023,數學系,數學
023052,023,物理學系物理組,物理
023062,023,物理學系光電組,物理;光電
023072,023,生物學系,生命科學
023082,023,化學系,化學
023092,023,英語學系,英文
023102,023,國文學系,中文;文學
023112,023,地理學系,地理
023122,023,機電工程學系,機電工程
023132,023,電機工程學系,電機
023142,023,電子工程學系,電子
023152,023,資訊工程學系,資訊工程
023162,023,資訊工程學系(APCS組),資訊工程
023172,023,資訊工程學系(公費生),資訊工程
023182,023,企業管理學系,管理;企管
023192,023,會計學系,會計
023202,023,資訊管理學系資訊管理組,管理;資管
023212,023,資訊管理學系數位內容科技與管理組,多媒體;管理;資管
023222,023,公共事務與公民教育學系公民教育組,公共事務;教育
023232,023,公共事務與公民教育學系公共事務組,公共事務;教育
023242,023,揚鷹招生A組(教社),招生
023252,023,揚鷹招生B組(文),招生
023262,023,揚鷹招生C組(管理),招生;管理
023272,023,揚鷹招生D組(理),招生
023282,023,揚鷹招生E組(工),招生
023292,023,美術學系,美術
023302,023,美術學系(公費生),美術
023312,023,運動學系(競技運動與表演藝術組),表演藝術;運動科學;競技
023322,023,運動學系(運動健康組),運動科學
026012,026,醫學系,醫學
026022,026,牙醫學系,醫學;牙醫
026032,026,物理治療學系,物理;物理治療
026042,026,職能治療學系,職能治療
026052,026,語言治療與聽力學系語言治療組,語言治療;聽力
026062,026,語言治療與聽力學系聽力組,語言治療;聽力
026072,026,生物醫學科學學系,醫學
026082,026,視光學系,視光
026092,026,醫學影像暨放射科學系,醫學;醫學影像
026102,026,心理學系,心理學
026112,026,營養學系(A組),營養
026122,026,營養學系(B組),營養
026132,026,職業安全衛生學系,職業安全
026142,026,醫學應用化學系(A組),化學;醫學
026152,026,醫學應用化學系(B組),化學;醫學
026162,026,健康產業科技管理學系,健康產業;管理
026172,026,護理學系,護理
026182,026,醫學檢驗暨生物技術學系,生命科學;生物科技;醫學檢驗
026192,026,應用外國語言學系,語言學
026202,026,公共衛生學系(A組),公共衛生
026212,026,公共衛生學系(B組),公共衛生
026222,026,醫學社會暨社會工作學系,社會工作;醫學
026232,026,醫學資訊學系,醫療資訊
026242,026,醫學資訊學系(APCS組),醫療資訊
026252,026,醫療產業科技管理學系,管理
027012,027,中國文學系,中文;文學
027022,027,外國語文學系,外國語文;文學
027032,027,劇場藝術學系,戲劇
027042,027,生物科學系,生命科學
027052,027,生物科學系英語組,英文;生命科學
027062,027,化學系,化學
027072,027,化學系英語組,英文;化學
027082,027,物理學系,物理
027092,027,物理學系量子科技組(全英),全英;物理
027102,027,應用數學系,數學
027112,027,應用數學系英語組,英文;數學
027122,027,電機工程學系,電機
027132,027,電機工程學系全英語組,全英;英文;電機
027142,027,電機工程學系(APCS組),電機
027152,027,機械與機電工程學系,機電工程;機械
027162,027,機械與機電工程學系全英語組,機電工程;全英;英文;機械
027172,027,資訊工程學系,資訊工程
027182,027,資訊工程學系全英語學士班,學士班;全英;英文;資訊工程
027192,027,光電工程學系,光電
027202,027,光電工程學系全英語組,全英;英文;光電
027212,027,材料與光電科學學系,光電;材料
027222,027,材料與光電科學學系全英語組,全英;英文;光電;材料
027232,027,企業管理學系,管理;企管
027242,027,資訊管理學系,管理;資管
027252,027,財務管理學系,管理
027262,027,國際經營管理全英語學士學位學程,管理;學士班;全英;英文
027272,027,海洋生物科技暨資源學系,生命科學;生物科技
027282,027,海洋環境及工程學系,環境;海洋工程
027292,027,海洋科學系,海洋
027302,027,政治經濟學系,經濟
027312,027,社會學系,社會學
027322,027,人文暨科技跨領域學士學位學程,學士班;跨域
027332,027,生物醫學科技學系全英語學士班生物醫學組,學士班;全英;英文;醫學
027342,027,生物醫學科技學系全英語學士班生醫工程組,學士班;全英;英文;生醫工程;醫學
027352,027,護理學系,護理
027362,027,西灣南星A組(文),招生
027372,027,西灣南星B組(管),招生
027382,027,西灣南星C組(理),招生
027392,027,西灣南星D組(工),招生
027402,027,西灣南星E組(海),招生
027412,027,西灣南星F組(社),招生
027422,027,西灣南星G組(西灣),招生
027432,027,西灣南星H組(醫),招生
027442,027,音樂學系,音樂
027452,027,音樂學系創作與應用組,音樂
028012,028,音樂與影像跨域學士學位學程,學士班;跨域;音樂
028022,028,劇場設計學系,設計
028032,028,新媒體藝術學系,新媒體
030012,030,醫學系,醫學
030022,030,醫學系(公費生),醫學
030032,030,中醫學系,醫學;中醫
030042,030,護理學系,護理
030052,030,醫學生物技術暨檢驗學系,生命科學;生物科技;醫學
030062,030,醫學影像暨放射科學系,醫學;醫學影像
030072,030,物理治療學系,物理;物理治療
030082,030,職能治療學系,職能治療
030092,030,生物醫學系,醫學
030102,030,呼吸治療學系,呼吸治療
030112,030,電機工程學系,電機
030122,030,機械工程學系,機械
030132,030,化工與材料工程學系(化學工程組),化學;化學工程;材料
030142,030,化工與材料工程學系(材料工程組),化學工程;材料
030152,030,電子工程學系,電子
030162,030,資訊工程學系,資訊工程
030172,030,生物醫學工程學系,生醫工程
030182,030,生物醫學工程學系(國際雙聯學位組),生醫工程
030192,030,人工智慧學系,人工智慧
030202,030,醫務管理學系,管理;健康管理
030212,030,工商管理學系,管理;工商管理
030222,030,工業設計學系,設計;工業設計
030232,030,工業設計學系(青年儲蓄帳戶組),青年儲蓄;設計;工業設計
030242,030,資訊管理學系,管理;資管
030252,030,資訊管理學系(資安組),管理;資管;資訊安全
030262,030,數位金融科技學系(甲組),金融
030272,030,數位金融科技學系(乙組),金融
031012,031,全校不分系學士學位學程,不分系;學士班
031022,031,教育學系,教育
031032,031,特殊教育學系,教育;特教
031042,031,幼兒教育學系,教育;幼教
031052,031,柳川招生組,招生
031062,031,體育學系非運動專長組,體育
031072,031,語文教育學系,教育
031082,031,區域與社會發展學系,社會發展
031092,031,諮商與應用心理學系,心理學;諮商輔導
031102,031,諮商與應用心理學系(公費生),心理學;諮商輔導
031112,031,臺灣語文學系,文學
031122,031,英語學系,英文
031132,031,數學教育學系,教育;數學
031142,031,科學教育與應用學系,戲劇
031152,031,資訊工程學系,資訊工程
031162,031,資訊工程學系(資安組),資訊工程;資訊安全
031172,031,數位內容科技學系,多媒體
031182,031,國際企業學系,國際企業
031192,031,文化創意產業設計與營運學系,設計;文創
031202,031,音樂學系,音樂
031212,031,美術學系,美術
031222,031,美術學系(公費生),美術
031232,031,體育學系運動專長組,體育
032012,032,教育學系,教育
032022,032,教育學系（芝山組）,教育
032032,032,教育經營與管理學系,管理
032042,032,教育經營與管理學系（芝山組）,管理
032052,032,幼兒與家庭教育學系,教育
032062,032,幼兒與家庭教育學系（芝山組）,教育
032072,032,特殊教育學系,教育;特教
032082,032,特殊教育學系（芝山組）,教育;特教
032092,032,心理與諮商學系,諮商輔導;商學
032102,032,心理與諮商學系（芝山組）,諮商輔導;商學
032112,032,心理與諮商學系（公費生）,諮商輔導;商學
032122,032,社會與區域發展學系,社會發展
032132,032,兒童英語教育學系,兒童家庭;英文;教育
032142,032,兒童英語教育學系（公費生）,兒童家庭;英文;教育
032152,032,語文與創作學系語文師資組,文學
032162,032,語文與創作學系文學創作組,文學
032172,032,文化創意產業經營學系,管理;文創
032182,032,文化創意產業經營學系（青年儲蓄帳戶組）,管理;青年儲蓄;文創
032192,032,數學暨資訊教育學系數學組,教育;數學
032202,032,數學暨資訊教育學系人工智慧與資訊教育組,教育;數學;人工智慧
032212,032,數學暨資訊教育學系人工智慧與資訊教育組 (APCS組),教育;數學;人工智慧
032222,032,數學暨資訊教育學系人工智慧與資訊教育組(公費生),教育;數學;人工智慧
032232,032,自然科學教育學系,教育
032242,032,自然科學教育學系（芝山組）,教育
032252,032,資訊科學系,資訊科學
032262,032,數位科技設計學系,設計
032272,032,數位科技設計學系（APCS組）,設計
032282,032,藝術與造形設計學系設計組,設計
032292,032,藝術與造形設計學系藝術組,設計
032302,032,體育學系,體育
032312,032,體育學系（雙語教學組）,體育
032322,032,體育學系（公費生）,體育
033012,033,教育學系,教育
033022,033,諮商與輔導學系,諮商輔導
033032,033,特殊教育學系,教育;特教
033042,033,特殊教育學系(青年儲蓄帳戶組),青年儲蓄;教育;特教
033052,033,幼兒教育學系,教育;幼教
033062,033,文化與自然資源學系,自然資源
033072,033,國語文學系,文學
033082,033,英語學系,英文
033092,033,應用數學系,數學
033102,033,數位學習科技學系,教育科技
033112,033,數位學習科技學系(資安組),教育科技;資訊安全
033122,033,材料科學系,材料
033132,033,資訊工程學系,資訊工程
033142,033,資訊工程學系(APCS組),資訊工程
033152,033,資訊工程學系(資安組),資訊工程;資訊安全
033162,033,電機工程學系,電機
033172,033,綠色能源科技學系,能源
033182,033,生物科技學系,生命科學;生物科技
033192,033,生態暨環境資源學系,環境
033202,033,戲劇創作與應用學系,戲劇
033212,033,行政管理學系,管理
033222,033,經營與管理學系,管理
033232,033,音樂學系(A組),音樂
033242,033,音樂學系(B組),音樂
033252,033,視覺藝術與設計學系,設計
033262,033,體育學系,體育
034012,034,應用數學系數學科學組,數學
034022,034,應用數學系統計科學組,數學;統計
034032,034,物理學系物理組,物理
034042,034,物理學系奈米與光電科學組,物理;光電;奈米
034052,034,化學系,化學
034062,034,生化暨分子醫學科學系,醫學
034072,034,資訊工程學系資工組,資訊工程
034082,034,資訊工程學系資工組(APCS組),資訊工程
034092,034,資訊工程學系資工組(資安組),資訊工程;資訊安全
034102,034,資訊工程學系國際組,資訊工程
034112,034,資訊工程學系國際組(資安組),資訊工程;資訊安全
034122,034,電機工程學系智慧系統組,電機
034132,034,電機工程學系半導體工程組,電機;半導體
034142,034,材料科學與工程學系,材料
034152,034,光電工程學系,光電
034162,034,理工學院大數據科學國際學士班,學士班;全英;資料科學;大數據
034172,034,企業管理學系管理科學組,管理;企管
034182,034,企業管理學系經營管理組,管理;企管
034192,034,會計學系,會計
034202,034,資訊管理學系人工智慧與大數據組,管理;資管;大數據;人工智慧
034212,034,資訊管理學系智慧商務與知識管理組,管理;資管
034222,034,資訊管理學系(資安組),管理;資管;資訊安全
034232,034,國際企業學系,國際企業
034242,034,財務金融學系,財務金融;金融
034252,034,觀光暨休閒遊憩學系,觀光;休閒
034262,034,管理學院管理科學與財金國際學士學位學程,學士班;管理;財務金融
034272,034,管理學院會計與資訊管理國際學士班智慧會計與風險管理組,學士班;全英;管理;會計;風險管理;資管
034282,034,管理學院會計與資訊管理國際學士班會計資訊與電腦稽核組,學士班;全英;管理;會計;資管
034292,034,管理學院數位行銷與服務創新國際學士班,學士班;全英;管理;行銷;創業
034302,034,華文文學系,文學
034312,034,中國語文學系,文學
034322,034,英美語文學系,文學
034332,034,臺灣文化學系,文化;化學
034342,034,歷史學系,歷史
034352,034,經濟學系,經濟
034362,034,諮商與臨床心理學系,心理學;諮商輔導
034372,034,社會學系,社會學
034382,034,公共行政學系,公共行政
034392,034,法律學系,法律
034402,034,教育與潛能開發學系,教育
034412,034,教育行政與管理學系,管理
034422,034,特殊教育學系,教育;特教
034432,034,幼兒教育學系,教育;幼教
034442,034,族群關係與文化學系,民族研究;文化;社會發展;化學
034452,034,民族語言與傳播學系,傳播
034462,034,民族發展與社會工作學系民族發展組,社會工作
034472,034,民族發展與社會工作學系社會工作組,社會工作
034482,034,原住民族樂舞與藝術學士學位學程,學士班
034492,034,自然資源與環境學系,環境;自然資源
034502,034,縱谷跨域書院學士學位學程,學士班;跨域
034512,034,音樂學系,音樂
034522,034,藝術與設計學系,設計
034532,034,藝術創意產業學系,文創
034542,034,體育與運動科學系,體育;運動科學
035012,035,教育學系,教育
035022,035,特殊教育學系,教育;特教
035032,035,幼兒教育學系,教育;幼教
035042,035,心理與諮商學系,諮商輔導;商學
035052,035,學習與媒材設計學系,設計
035062,035,中國語文學系,文學
035072,035,英語教學系,英文
035082,035,社會暨公共事務學系,公共事務
035092,035,歷史與地理學系,歷史;地理
035102,035,地球環境暨生物資源學系,環境;生命科學;生物資源
035112,035,應用物理暨化學系電子物理組,物理;化學;電子
035122,035,應用物理暨化學系應用化學組,物理;化學
035132,035,數學系,數學
035142,035,資訊科學系,資訊科學
035152,035,資訊科學系(APCS組),資訊科學
035162,035,資訊科學系(資安組),資訊科學;資訊安全
035172,035,城市發展學系,社會發展
035182,035,行銷與管理學系,管理;行銷
035192,035,衛生福利學系,職業安全
035202,035,音樂學系,音樂
035212,035,視覺藝術學系,美術;多媒體;設計
035222,035,體育學系,體育
035232,035,休閒運動管理學系,管理;休閒
035242,035,運動健康科學系,青年儲蓄;管理;健康管理
036012,036,教育學系,教育
036022,036,幼兒教育學系,教育;幼教
036032,036,特殊教育學系,教育;特教
036042,036,教育心理與輔導學系,諮商輔導
036052,036,教育心理與輔導學系(公費生),諮商輔導
036062,036,中國語文學系,文學
036072,036,文化創意產業學系,文創
036082,036,社會發展學系,社會發展
036092,036,英語學系,英文
036102,036,應用英語學系,英文
036112,036,應用日語學系,日文
036122,036,商業大數據學系,大數據
036132,036,行銷與流通管理學系,管理;行銷
036142,036,企業管理學系,管理;企管
036152,036,財務金融學系,財務金融;金融
036162,036,休閒事業經營學系,管理;休閒
036172,036,不動產經營學系,管理;不動產
036182,036,國際經營與貿易學系,管理;貿易
036192,036,會計學系,會計
036202,036,應用化學系,化學
036212,036,應用數學系,數學
036222,036,應用物理系半導體組,物理;半導體
036232,036,應用物理系光電暨材料組,物理;光電;材料
036242,036,科學傳播學系,傳播
036252,036,電腦科學與人工智慧學系,資訊工程;人工智慧
036262,036,電腦科學與人工智慧學系(資安組),資訊工程;人工智慧;資訊安全
036272,036,智慧機器人學系,機器人
036282,036,資訊工程學系,資訊工程
036292,036,電腦與通訊學系,通訊
036302,036,資訊管理學系,管理;資管
036312,036,音樂學系A組,音樂
036322,036,音樂學系B組,音樂
036332,036,視覺藝術學系美術組,美術
036342,036,視覺藝術學系數位媒體設計組,多媒體;設計
036352,036,體育學系,體育
038012,038,全校不分系學士學位學程,不分系;學士班
038022,038,教育學系,教育
038032,038,幼兒教育學系,教育;幼教
038042,038,特殊教育學系,教育;特教
038052,038,文化資源與休閒產業學系,文化資源;休閒
038062,038,數位媒體與文教產業學系,多媒體;文教
038072,038,公共與文化事務學系,公共事務
038082,038,身心整合與運動休閒產業學系,休閒
038092,038,英美語文學系,文學
038102,038,華語文學系,華語;文學
038112,038,生命科學系,生命科學
038122,038,資訊工程學系,資訊工程
038132,038,資訊管理學系,管理;資管
038142,038,應用數學系,數學
038152,038,應用科學系化學及奈米科學組,化學;奈米
038162,038,應用科學系應用物理組,物理
038172,038,綠能與資訊科技學系,能源
038182,038,音樂學系(A組),音樂
038192,038,音樂學系(B組),音樂
038202,038,美術產業學系,美術
038212,038,體育學系,體育
039012,039,體育推廣學系(青年儲蓄帳戶組),青年儲蓄;體育
039022,039,休閒產業經營學系,管理;休閒
039032,039,運動保健學系(一般組),體育;中文;文學
039042,039,運動保健學系(體育術科組),體育
039052,039,體育推廣學系(一般組),體育
039062,039,體育推廣學系(拔河組),體育
039072,039,體育推廣學系(女子啦啦舞組),體育
039082,039,適應體育學系,體育
040012,040,護理學系,護理
040022,040,管理學院學士班(主修：數位行銷與人力資源),學士班;人資;管理;行銷
040032,040,管理學院學士班(主修：財務金融),學士班;管理;財務金融;金融
040042,040,管理學院學士班(主修：國際企業管理),學士班;管理;企管;國際企業
040052,040,管理學院學士班(主修：會計),學士班;管理;會計
040062,040,管理學院學士班(英語專班),學士班;英文;管理
040072,040,應用外語學系,外國語文
040082,040,中國語文學系,文學
040092,040,社會暨政策科學學系,政策
040102,040,人文社會學院英語學士班,學士班;全英;英文;社會學
040112,040,資訊管理學系,管理;資管
040122,040,資訊管理學系(資安組),管理;資管;資訊安全
040132,040,資訊傳播學系(智慧科技應用組),傳播
040142,040,資訊傳播學系(數位媒體設計-創作組),多媒體;傳播;設計
040152,040,資訊工程學系,資訊工程
040162,040,資訊工程學系(資安組),資訊工程;資訊安全
040172,040,資訊工程學系(APCS組),資訊工程
040182,040,資訊學院英語學士班,學士班;全英;英文
040192,040,機械工程學系,機械
040202,040,化學工程與材料科學學系,化學;化學工程;材料
040212,040,工業工程與管理學系,管理;工業工程
040222,040,工程學院英語學士班,學士班;全英;英文
040232,040,電機工程學系(甲組),電機
040242,040,電機工程學系(甲組)(APCS組),電機
040252,040,電機工程學系(乙組),電機
040262,040,電機工程學系(丙組),電機
040272,040,電機通訊學院英語學士班,學士班;全英;英文;通訊;電機
040282,040,藝術與設計學系,設計
040292,040,資訊傳播學系(數位媒體設計-美術組),多媒體;美術;傳播;設計
041012,041,中國文學系,中文;文學
041022,041,外國語文學系,外國語文;文學
041032,041,歷史學系,歷史
041042,041,哲學系,哲學
041052,041,數學系,數學
041062,041,地球與環境科學系,環境科學
041072,041,物理學系,物理
041082,041,化學暨生物化學系,化學;生命科學;生物化學
041092,041,生物醫學科學系,醫學
041102,041,社會福利學系,職業安全
041112,041,心理學系,心理學
041122,041,勞工關係學系,勞動
041132,041,政治學系,政治
041142,041,傳播學系,傳播
041152,041,資訊工程學系,資訊工程
041162,041,電機工程學系,電機
041172,041,機械工程學系機械工程組,機械
041182,041,機械工程學系光機電整合工程組,機電工程;機械
041192,041,機械工程國際學士學位學程,學士班;機械
041202,041,化學工程學系,化學;化學工程
041212,041,通訊工程學系,通訊
041222,041,經濟學系,經濟
041232,041,財務金融學系,財務金融;金融
041242,041,企業管理學系,管理;企管
041252,041,會計與資訊科技學系,會計
041262,041,資訊管理學系,管理;資管
041272,041,資訊管理學系(APCS組),管理;資管
041282,041,法律學系法學組,法律
041292,041,法律學系法制組,法律
041302,041,財經法律學系,法律
041312,041,成人及繼續教育學系,教育
041322,041,犯罪防治學系,犯罪
041332,041,紫荊不分系學士學位學程,不分系;學士班
041342,041,嘉星招生甲組(工),招生
041352,041,嘉星招生乙組(管),招生
041362,041,嘉星招生丙組(法),招生
041372,041,嘉星招生丁組(文),招生
041382,041,嘉星招生戊組(理),招生
041392,041,嘉星招生己組(社),招生
041402,041,嘉星招生庚組(教),招生
041412,041,嘉星招生辛組(心),招生
042012,042,機械與自動化工程學系(車輛科技與綠色能源組),機械;化學工程;自動化;能源
042022,042,機械與自動化工程學系(機電整合與自動化組),機電工程;機械;化學工程;自動化
042032,042,電機工程學系(半導體與光電組),電機;光電;半導體
042042,042,電機工程學系(智慧系統組),電機
042052,042,電機工程學系(APCS組),電機
042062,042,半導體學士學位學程(半導體設備組),學士班;半導體
042072,042,半導體學士學位學程(半導體製程組),學士班;半導體
042082,042,資訊工程學系(資訊工程組),資訊工程
042092,042,資訊工程學系(人工智慧組),資訊工程;人工智慧
042102,042,資訊工程學系(APCS組),資訊工程
042112,042,環境與安全工程學系(永續環境組),環境
042122,042,環境與安全工程學系(安全科技組),環境
042132,042,企業管理學系,管理;企管
042142,042,會計與資訊管理學系(人工智慧科技管理組),管理;會計;資管;人工智慧
042152,042,會計與資訊管理學系(會計暨投資理財組),管理;會計;資管
042162,042,財務金融學系(銀行專業組),財務金融;金融
042172,042,財務金融學系(智慧投資組),財務金融;金融
042182,042,財務金融學系(公司財務組),財務金融;金融
042192,042,應用日語學系(AI商務應用組),日文;人工智慧
042202,042,應用日語學系(觀光旅遊組),日文;觀光
042212,042,生物醫學系(生物醫藥組),醫學
042222,042,生物醫學系(檢驗醫學組),醫學
042232,042,藥用植物與食品保健學系(藥粧保健組),食品
042242,042,藥用植物與食品保健學系(食藥生技組),食品;生物科技
042252,042,觀光休閒學系,觀光;休閒
042262,042,餐旅管理學系,管理;餐旅
042272,042,烘焙暨飲料調製學士學位學程,學士班
042282,042,護理學系,護理
042292,042,視光學系(國際組),視光
042302,042,視光學系(臨床組),視光
042312,042,醫學工程學系,生醫工程
042322,042,醫學工程學系(智慧醫療組),生醫工程
042332,042,職能治療學系(A組),職能治療
042342,042,職能治療學系(B組),職能治療
042352,042,設計學系,設計
042362,042,造形藝術學系(工藝文創組),美術
042372,042,造形藝術學系(藝術創作組),美術
042382,042,多媒體數位內容學士學位學程(動畫與影視特效組),學士班;影視;動畫;多媒體
042392,042,多媒體數位內容學士學位學程(遊戲與人工智慧應用組),學士班;多媒體;人工智慧
042402,042,多媒體數位內容學士學位學程(動漫美術與模型製作組),學士班;美術;多媒體
042412,042,多媒體數位內容學士學位學程(漫畫創作組),學士班;多媒體
042422,042,空間設計學系建築組,設計;建築
042432,042,空間設計學系室內設計組,設計;室內
042442,042,運動健康管理學系,管理;健康管理
043012,043,電機工程學系,電機
043022,043,資訊工程學系(資訊工程組),資訊工程
043032,043,資訊工程學系(資訊應用組),資訊工程
043042,043,資訊工程學系(人工智慧組),資訊工程;人工智慧
043052,043,光電與材料工程學系（人工智慧應用組）,人工智慧;光電;材料
043062,043,光電與材料工程學系（生醫光電組）,光電;材料
043072,043,光電與材料工程學系（半導體組）,光電;半導體;材料
043082,043,工業管理學系（半導體產業組）,管理;半導體
043092,043,工業管理學系（人工智慧應用組）,管理;人工智慧
043102,043,資訊管理學系（資訊系統設計組）,設計;管理;資管
043112,043,資訊管理學系(智慧商務與資訊管理應用組),管理;資管
043122,043,資訊管理學系（人工智慧與大數據應用組）,管理;資管;大數據;人工智慧
043132,043,企業管理學系企業管理組,管理;企管
043142,043,企業管理學系智慧運輸與物流組,管理;企管;物流
043152,043,企業管理學系財務管理組,管理;企管
043162,043,建築與都市計畫學系（第一類組）,建築;都市計畫
043172,043,建築與都市計畫學系（第二類組）,建築;都市計畫
043182,043,土木工程學系,土木
043192,043,應用日語學系（商務觀光組）,日文;觀光
043202,043,應用日語學系（翻譯實務組）,日文;翻譯
043212,043,應用外語暨智慧商務學士學位學程,外國語文;學士班
043222,043,觀光學院學士班(餐旅烘焙組),學士班;觀光;餐旅
043232,043,觀光學院學士班(觀光會展組),學士班;觀光
043242,043,觀光學院學士班(航空旅遊組),學士班;觀光
043252,043,英國西英格蘭大學企業管理雙學士學位學程,學士班;管理;企管
043262,043,中華大學美國舊金山州立大學資訊管理與決策科學學士學位學程,學士班;管理;資管
043272,043,加州大學爾灣分校資訊管理與資料科學學士學位學程,學士班;管理;資管;資料科學
043282,043,國際觀光與酒店管理雙學士學位學程,學士班;管理;觀光
044012,044,智慧生活科技學系大數據與管理組,管理;大數據
044022,044,智慧生活科技學系智慧產品開發組,管理;大數據
044032,044,智慧生活設計學系空間設計組,設計
044042,044,智慧生活設計學系空間設計組(青年儲蓄帳戶組),青年儲蓄;設計
044052,044,智慧生活設計學系創意產品與汽車設計組,設計
044062,044,攝影與VR設計學系攝影與科技藝術組,設計
044072,044,攝影與VR設計學系VR與互動媒體組,設計
044082,044,佛教藝術學系佛學組,宗教
044092,044,佛教藝術學系藝術組,宗教
044102,044,美術與文創學系文創設計組,美術;設計
044112,044,美術與文創學系美術創作組,美術
045012,045,電機工程學系,電機
045022,045,電子工程學系,電子
045032,045,資訊工程學系資訊工程組,資訊工程
045042,045,資訊工程學系資訊應用組,資訊工程
045052,045,資訊工程學系(APCS組),資訊工程
045062,045,資訊工程學系(資安組),資訊工程;資訊安全
045072,045,機械與自動化工程學系,機械;化學工程;自動化
045082,045,化學工程學系,化學;化學工程
045092,045,土木工程學系,土木
045102,045,材料科學與工程學系,材料
045112,045,生物醫學工程學系,生醫工程
045122,045,智慧科技英語學士學位學程,學士班;英文
045132,045,半導體學士學位學程,學士班;半導體
045142,045,資訊管理學系,管理;資管
045152,045,企業管理學系,管理;企管
045162,045,財務金融管理學系,管理;財務金融;金融
045172,045,會計學系,會計
045182,045,國際商務學系,國際商務
045192,045,醫務管理學系,管理;健康管理
045202,045,餐旅管理學系,管理;餐旅
045212,045,廚藝暨美食學學系,廚藝
045222,045,國際企業經營英語學士學位學程(國際學院),管理;學士班;英文;國際企業
045232,045,財務與商業分析英語學士學位學程(國際學院),學士班;英文
045242,045,智慧觀光餐旅管理英語學士學位學程(國際學院),學士班;英文;管理;觀光;餐旅
045252,045,國際傳媒與娛樂管理英語學士學位學程(國際學院),學士班;英文;管理
045262,045,應用日語學系,日文
045272,045,大眾傳播學系,傳播
045282,045,電影與電視學系,影視
045292,045,視覺藝術與設計學系,設計
045302,045,醫學科學與生物科技學系醫藥組,生命科學;生物科技;醫學
045312,045,醫學科學與生物科技學系生技組,生命科學;生物科技;醫學
045322,045,營養學系,營養
045332,045,護理學系,護理
045342,045,醫學影像暨放射科學系,醫學;醫學影像
045352,045,物理治療學系,物理;物理治療
045362,045,職能治療學系,職能治療
045372,045,醫學檢驗技術學系,醫學檢驗
045382,045,醫學系(公費生),醫學
046012,046,企業管理學系品牌行銷組（臺北校區）,管理;企管;行銷
046022,046,企業管理學系企業管理組（臺北校區）,管理;企管
046032,046,企業管理學系數位經營組（臺北校區）,管理;企管
046042,046,會計學系會計審計組（臺北校區）,會計
046052,046,會計學系稅務規劃組（臺北校區）,財稅;會計
046062,046,財務金融學系（臺北校區）,財務金融;金融
046072,046,資訊應用與金融保險學系金融組（臺北校區）,資訊工程;金融;保險
046082,046,資訊應用與金融保險學系資訊組（臺北校區）,資訊工程;金融;保險
046092,046,國際企業學系跨境電商經營組（臺北校區）,管理;國際企業;電商
046102,046,國際企業學系外貿行銷管理組（臺北校區）,管理;國際企業;行銷
046112,046,新媒體暨傳播管理學系（臺北校區）,新媒體;傳播;管理
046122,046,廣播電視學系（臺北校區）,影視
046132,046,廣告暨策略行銷學系（臺北校區）,廣告;行銷
046142,046,影音新聞暨社群傳播學系（臺北校區）,傳播;新聞
046152,046,法律學系（臺北校區）,法律
046162,046,財金法律學系（臺北校區）,法律;財務金融
046172,046,國際企業與貿易學士學位學程（全英語授課．臺北校區）,學士班;全英;英文;國際企業;貿易
046182,046,新聞與大眾傳播學士學位學程（全英語授課．臺北校區）,學士班;全英;英文;傳播;新聞
046192,046,時尚與創新管理學士學位學程（全英語授課．臺北校區）,學士班;全英;英文;時尚;管理;創業
046202,046,國際事務與外交學士學位學程（全英語授課．桃園校區）,學士班;全英;英文;國際關係
046212,046,資訊科技應用與管理學士學位學程（全英語授課．桃園校區）,學士班;全英;英文;管理
046222,046,應用中文與華語文教學系文教傳播組（桃園校區）,中文;華語;傳播
046232,046,應用中文與華語文教學系語文創作組（桃園校區）,中文;華語
046242,046,應用英語學系（桃園校區）,英文
046252,046,應用日語學系（桃園校區）,日文
046262,046,商業設計學系（桃園校區）,設計
046272,046,商品設計學系（桃園校區）,設計
046282,046,數位媒體設計學系（桃園校區）,多媒體;設計
046292,046,建築學系（桃園校區）,建築
046302,046,都市設計與永續發展學系智慧城市與無人機應用組 （桃園校區）,設計
046312,046,都市設計與永續發展學系都市更新與土地開發組 （桃園校區）,設計;土地
046322,046,觀光事業學系（桃園校區）,管理;觀光
046332,046,休閒遊憩管理學系（桃園校區）,管理;休閒
046342,046,餐旅管理學系（桃園校區）,管理;餐旅
046352,046,犯罪防治學系（桃園校區）,犯罪
046362,046,公共事務與行政管理學系（桃園校區）,公共事務;管理
046372,046,諮商臨床與工商心理學系（桃園校區）,心理學;諮商輔導
046382,046,金融學系（桃園校區）,金融
046392,046,金融科技應用學系（桃園校區）,金融
046402,046,資訊管理學系人工智慧應用組（桃園校區）,管理;資管;人工智慧
046412,046,資訊管理學系巨量資料管理組（桃園校區）,管理;資管
046422,046,資訊管理學系電子商務管理組（桃園校區）,管理;電商;資管;電子
046432,046,人工智慧應用學系（桃園校區）,人工智慧
046442,046,資訊工程學系(桃園校區),資訊工程
046452,046,資訊工程學系（APCS組．桃園校區）,資訊工程
046462,046,電機工程學系（桃園校區）,電機
046472,046,半導體應用學士學位學程（桃園校區）,學士班;半導體
046482,046,醫療資訊與管理學系健康產業管理組（桃園校區）,健康產業;醫療資訊;管理
046492,046,醫療資訊與管理學系醫療資訊組（桃園校區）,醫療資訊;管理
046502,046,生物科技學系生物醫學組（桃園校區）,生命科學;生物科技;醫學
046512,046,生物科技學系食品生技組（桃園校區）,生命科學;食品;生物科技
046522,046,生物醫學工程學系專利醫材法規組（桃園校區）,生醫工程
046532,046,生物醫學工程學系人工智慧醫療組（桃園校區）,人工智慧;生醫工程
046542,046,國際企業學系（青年儲蓄帳戶組．臺北校區）,青年儲蓄;國際企業
046552,046,影音新聞暨社群傳播學系（青年儲蓄帳戶組．臺北校區）,青年儲蓄;傳播;新聞
046562,046,應用英語學系（青年儲蓄帳戶組．桃園校區）,青年儲蓄;英文
047012,047,新聞學系,新聞
047022,047,廣播電視電影學系廣播與聲音設計組,影視;設計
047032,047,廣播電視電影學系電視組,影視
047042,047,廣播電視電影學系電影組,影視
047052,047,圖文傳播學系,傳播
047062,047,公共關係暨廣告學系,廣告;公關
047072,047,口語傳播暨社群媒體學系,傳播
047082,047,資訊傳播學系,傳播
047092,047,數位多媒體設計學系,多媒體;設計
047102,047,傳播管理學系,傳播;管理
047112,047,資訊管理學系資訊管理組,管理;資管
047122,047,資訊管理學系資訊管理組(資安組),管理;資管;資訊安全
047132,047,資訊管理學系人工智慧暨科技傳播組,傳播;管理;資管;人工智慧
047142,047,資訊管理學系人工智慧暨科技傳播組(資安組),傳播;管理;資管;人工智慧;資訊安全
047152,047,財務金融學系,財務金融;金融
047162,047,行政管理學系,管理
047172,047,觀光學系餐旅經營管理組,管理;觀光;餐旅
047182,047,觀光學系旅遊暨休閒事業管理組,管理;觀光;休閒
047192,047,經濟學系,經濟
047202,047,企業管理學系,管理;企管
047212,047,社會心理學系,心理學
047222,047,英語暨傳播應用學系,英文;傳播
047232,047,日本語文學系,日文;文學
047242,047,法律學系,法律
050012,050,食品營養與保健生技學系(臺北校區),食品;生物科技;營養
050022,050,食品營養與保健生技學系食品創新與科技法律組(臺北校區),法律;創業;食品;生物科技;營養
050032,050,社會工作學系兒少、家庭與司法組(臺北校區),社會工作;犯罪
050042,050,社會工作學系老人、長照與身障組(臺北校區),社會工作;長照;高齡
050052,050,社會工作學系心理衛生與醫務組(臺北校區),社會工作;職業安全
050062,050,家庭研究與兒童發展學系幼兒教保組(臺北校區),兒童家庭
050072,050,家庭研究與兒童發展學系家庭教育與輔導組(臺北校區),兒童家庭;諮商輔導
050082,050,餐飲管理學系廚藝組(臺北校區),廚藝;管理
050092,050,餐飲管理學系餐旅組(臺北校區),管理;餐旅
050102,050,法律學系(臺北校區),法律
050112,050,服裝設計學系(臺北校區),設計;時尚
050122,050,媒體傳達設計學系動畫影像設計組(臺北校區),動畫;設計
050132,050,媒體傳達設計學系創意媒體設計組(臺北校區),設計
050142,050,工業產品設計學系(臺北校區),設計
050152,050,建築設計學系人文藝術組(臺北校區),設計;建築
050162,050,建築設計學系創意科技組(臺北校區),設計;建築
050172,050,建築職人學士學位學程(臺北校區),學士班;建築
050182,050,會計學系會計審計組(臺北校區),會計
050192,050,會計學系永續會計組(臺北校區),會計
050202,050,國際經營與貿易學系國際金融組(臺北校區),管理;金融;貿易
050212,050,國際經營與貿易學系貿易經營組(臺北校區),管理;貿易
050222,050,國際經營與貿易學系跨境行銷組(臺北校區),管理;行銷;貿易
050232,050,國際經營與貿易學系智慧物流組(臺北校區),管理;貿易;物流
050242,050,企業管理學系企業經營組(臺北校區),管理;企管
050252,050,企業管理學系人工智慧行銷組(臺北校區),管理;企管;行銷;人工智慧
050262,050,企業管理學系綠色永續組(臺北校區),管理;企管
050272,050,企業管理學系創新創業組(臺北校區),管理;企管;創業
050282,050,財務金融學系(臺北校區),財務金融;金融
050292,050,財務金融學系數位行銷設計組(臺北校區),設計;行銷;財務金融;金融
050302,050,風險管理與保險學系(臺北校區),管理;風險管理;保險
050312,050,應用外語學系(臺北校區),外國語文
050322,050,應用外語學系數位應用組(臺北校區),外國語文
050332,050,資訊科技與管理學系人工智慧與大數據組(臺北校區),管理;大數據;人工智慧
050342,050,資訊科技與管理學系雲端運算與物聯網組(臺北校區),管理
050352,050,資訊科技與管理學系數位媒體設計組(臺北校區),多媒體;設計;管理
050362,050,資訊科技與管理學系(APCS組)(臺北校區),管理
050372,050,資訊科技與管理學系(青年儲蓄帳戶組)(臺北校區),青年儲蓄;管理
050382,050,資訊科技與管理學系(資安組)(臺北校區),管理;資訊安全
050392,050,國際企業英語學士學位學程(社會組)(臺北校區),學士班;英文;國際企業
050402,050,國際企業英語學士學位學程(自然組)(臺北校區),學士班;英文;國際企業
050412,050,智慧服務管理英語學士學位學程(社會組)(臺北校區),學士班;英文;管理
050422,050,智慧服務管理英語學士學位學程(自然組)(臺北校區),學士班;英文;管理
050432,050,國際企業管理學系外匯數位金融組(高雄校區),管理;企管;國際企業;金融
050442,050,國際企業管理學系日韓商務與貿易組(高雄校區),管理;企管;國際企業;貿易
050452,050,國際企業管理學系品牌行銷企劃組(高雄校區),管理;企管;國際企業;行銷
050462,050,國際企業管理學系德國商務與投資組(高雄校區),管理;企管;國際企業
050472,050,金融管理學系數位金融組(高雄校區),管理;金融
050482,050,金融管理學系金融實務組(高雄校區),管理;金融
050492,050,金融管理學系金融商品組(高雄校區),管理;金融
050502,050,金融管理學系財務數理組(高雄校區),管理;金融
050512,050,金融管理學系科技金融組(高雄校區),管理;金融
050522,050,資訊管理學系物聯網應用組(高雄校區),管理;資管
050532,050,資訊管理學系人工智慧與雲端應用組(高雄校區),管理;資管;人工智慧
050542,050,資訊管理學系資訊技術應用組(高雄校區),管理;資管
050552,050,資訊科技與通訊學系App設計組(高雄校區),設計;通訊
050562,050,資訊科技與通訊學系人工智慧組(高雄校區),人工智慧;通訊
050572,050,資訊科技與通訊學系智慧機器人組(高雄校區),通訊;機器人
050582,050,資訊科技與通訊學系無人機組(高雄校區),通訊
050592,050,數位多媒體遊戲設計學系互動遊戲設計組(高雄校區),多媒體;設計
050602,050,數位多媒體遊戲設計學系數位AI應用設計組(高雄校區),多媒體;設計;人工智慧
050612,050,服飾設計與經營學系品牌經營組(高雄校區),管理;設計
050622,050,觀光管理學系旅運事業組(高雄校區),管理;觀光
050632,050,觀光管理學系國際觀光事業規劃組(高雄校區),管理;觀光
050642,050,休閒產業管理學系環境教育與休閒規劃設計組(高雄校區),環境;設計;管理;休閒
050652,050,休閒產業管理學系遊憩運動企劃組(高雄校區),管理;休閒
050662,050,休閒產業管理學系精品咖啡烘焙經營組(高雄校區),管理;休閒
050672,050,應用日文學系(高雄校區),文學
050682,050,應用日文學系商務組(高雄校區),文學
050692,050,應用日文學系翻譯組(高雄校區),翻譯;文學
050702,050,應用日文學系實習組(高雄校區),文學
050712,050,音樂學系(臺北校區),音樂
050722,050,音樂學系Ｂ組(臺北校區),音樂
050732,050,數位多媒體遊戲設計學系數位多媒體設計組(高雄校區),多媒體;設計
050742,050,數位多媒體遊戲設計學系遊戲美術設計組(高雄校區),美術;多媒體;設計
050752,050,電腦動畫學士學位學程2D組(高雄校區),學士班;動畫
050762,050,電腦動畫學士學位學程3D組(高雄校區),學士班;動畫
050772,050,電腦動畫學士學位學程2D3D特效通修組(高雄校區),學士班;動畫
050782,050,電腦動畫學士學位學程特效組(高雄校區),學士班;動畫
050792,050,服飾設計與經營學系流行設計組(高雄校區),管理;設計
050802,050,服飾設計與經營學系飾品設計組(高雄校區),管理;設計
050812,050,時尚設計學系媒體傳達設計組(高雄校區),設計;時尚
050822,050,時尚設計學系整體造型設計組(高雄校區),設計;時尚
050832,050,觀光管理學系自然旅遊與運動觀光組(高雄校區),管理;觀光
051012,051,企業管理學系行銷組,管理;企管;行銷
051022,051,企業管理學系數位經營組,管理;企管
051032,051,企業管理學系企業永續發展組,管理;企管
051042,051,企業管理學系創新應用組,管理;企管;創業
051052,051,國際企業學系智慧行銷組,國際企業;行銷
051062,051,國際企業學系金融貿易組,國際企業;金融;貿易
051072,051,國際企業學系航運物流組,航運;國際企業;物流
051082,051,會計資訊學系財務應用組,會計
051092,051,會計資訊學系稅務應用組,財稅;會計
051102,051,會計資訊學系產業實習組,會計
051112,051,航運管理學系,航運;管理;運管
051122,051,土地管理與開發學系土地管理組,土地;管理
051132,051,土地管理與開發學系開發規劃組,土地;管理
051142,051,財務金融學系金融科技組,財務金融;金融
051152,051,財務金融學系投資資訊組,財務金融;金融
051162,051,財務金融學系金融理財組,財務金融;金融
051172,051,財務金融學系產業實習組,財務金融;金融
051182,051,觀光與餐飲管理學系觀光旅遊組,管理;觀光
051192,051,觀光與餐飲管理學系餐酒廚藝組,廚藝;管理;觀光
051202,051,觀光與餐飲管理學系國際雙聯組,管理;觀光
051212,051,觀光與餐飲管理學系(青年儲蓄帳戶組),青年儲蓄;管理;觀光
051222,051,醫務管理學系醫療機構管理組,管理;健康管理
051232,051,醫務管理學系智慧長照組,管理;長照;健康管理
051242,051,生物科技學系生技醫學組,生命科學;生物科技;醫學
051252,051,生物科技學系生物檢測組,生命科學;生物科技
051262,051,生物科技學系(青年儲蓄帳戶組),青年儲蓄;生命科學;生物科技
051272,051,健康心理學系,心理學
051282,051,保健營養學系,營養
051292,051,護理學系,護理
051302,051,職業安全與衛生學系職業安全衛生管理組,管理;職業安全
051312,051,職業安全與衛生學系安全衛生AI科技組,人工智慧;職業安全
051322,051,職業安全與衛生學系職業安全組,職業安全
051332,051,職業安全與衛生學系職業衛生組,職業安全
051342,051,職業安全與衛生學系(青年儲蓄帳戶組),青年儲蓄;職業安全
051352,051,食品安全衛生與檢驗學士學位學程食品安全管理組,學士班;管理;食品;職業安全
051362,051,食品安全衛生與檢驗學士學位學程食品科技組,學士班;食品;職業安全
051372,051,食品安全衛生與檢驗學士學位學程食品檢驗組,學士班;食品;職業安全
051382,051,消防安全學士學位學程消防實務管理組,學士班;消防;管理
051392,051,消防安全學士學位學程火場鑑識組,學士班;消防
051402,051,消防安全學士學位學程消防防災技術組,學士班;消防
051412,051,消防安全學士學位學程(青年儲蓄帳戶組),青年儲蓄;學士班;消防
051422,051,綠能與環境資源學系綠能產業管理組,環境;管理;能源
051432,051,綠能與環境資源學系綠能產業實務組,環境;能源
051442,051,綠能與環境資源學系綠能環境科技組,環境;能源
051452,051,營建工程安全學士學位學程,學士班
051462,051,大眾傳播學系,傳播
051472,051,翻譯學系智慧科技與經貿媒體跨域組,跨域;翻譯
051482,051,翻譯學系語文教學與觀光會展實務組,翻譯;觀光
051492,051,社會工作學系,社會工作
051502,051,社會工作學系(青年儲蓄帳戶組),青年儲蓄;社會工作
051512,051,應用日語學系語文翻譯組,日文;翻譯
051522,051,應用日語學系國際觀光產業組,日文;觀光
051532,051,數位媒體設計學系數位媒體設計組,多媒體;設計
051542,051,數位媒體設計學系互動設計組,多媒體;設計
051552,051,資訊工程學系,資訊工程
051562,051,美術學系藝術創作組,美術
051572,051,美術學系應用藝術組,美術
051582,051,書畫藝術學系甲組,動畫;多媒體;電機
051592,051,書畫藝術學系乙組,動畫;多媒體;電機
051602,051,運動競技學系,競技
056012,056,圖文傳播藝術學系,傳播
056022,056,廣播電視學系,影視
056032,056,電影學系,影視
056042,056,戲劇學系,戲劇
056052,056,音樂學系,音樂
056062,056,中國音樂學系作曲組,音樂
056072,056,中國音樂學系聲樂組,音樂
056082,056,中國音樂學系管樂組,音樂
056092,056,中國音樂學系彈弦組,音樂
056102,056,中國音樂學系撥弦組,音樂
056112,056,中國音樂學系擦弦組（一）–胡琴,音樂
056122,056,中國音樂學系擦弦組（二）–低音擦弦,音樂
056132,056,中國音樂學系擊樂組,音樂
056142,056,美術學系,美術
056152,056,書畫藝術學系,動畫;多媒體
056162,056,雕塑學系,美術
056172,056,古蹟藝術修護學系,文化資產
056182,056,視覺傳達設計學系,設計;視覺設計
056192,056,工藝設計學系,美術;設計
056202,056,多媒體動畫藝術學系,動畫;多媒體
056212,056,舞蹈學系,舞蹈
058012,058,中國語文學系,文學
058022,058,外國語文學系,外國語文;文學
058032,058,社會政策與社會工作學系,社會工作;政策
058042,058,公共行政與政策學系,公共行政;政策
058052,058,歷史學系,歷史
058062,058,東南亞學系,區域研究
058072,058,國際企業學系,國際企業
058082,058,經濟學系,經濟
058092,058,資訊管理學系,管理;資管
058102,058,資訊管理學系(資安組),管理;資管;資訊安全
058112,058,財務金融學系,財務金融;金融
058122,058,觀光休閒與餐旅管理學系觀光休閒組,管理;觀光;餐旅;休閒
058132,058,觀光休閒與餐旅管理學系餐旅管理組,管理;觀光;餐旅;休閒
058142,058,管理學院學士班,學士班;管理
058152,058,國際文教與比較教育學系,教育
058162,058,教育政策與行政學系,政策
058172,058,諮商心理與人力資源發展學系諮商心理組,諮商輔導;人資
058182,058,諮商心理與人力資源發展學系終身學習與人力資源發展組,諮商輔導;人資
058192,058,教育學院學士班教育科技與數位學習組,學士班;教育;教育科技
058202,058,教育學院學士班教育心理與輔導組,學士班;諮商輔導;教育
058212,058,資訊工程學系,資訊工程
058222,058,資訊工程學系(APCS組),資訊工程
058232,058,資訊工程學系(資安組),資訊工程;資訊安全
058242,058,土木工程學系,土木
058252,058,電機工程學系,電機
058262,058,應用化學系,化學
058272,058,應用材料及光電工程學系,光電;材料
058282,058,科技學院學士班,學士班
058292,058,科技學院學士班(資安組),學士班;資訊安全
058302,058,護理學系,護理
059012,059,財務金融學系,財務金融;金融
059022,059,財務金融學系證券投資組,財務金融;金融
059032,059,財務金融學系AI智慧理財組,財務金融;金融;人工智慧
059042,059,企業管理學系經營管理組,管理;企管
059052,059,企業管理學系行銷企劃組,管理;企管;行銷
059062,059,企業管理學系創新創業組,管理;企管;創業
059072,059,企業管理學系人力資源組,人資;管理;企管
059082,059,文化創意事業管理學系AI應用組,管理;文創;人工智慧
059092,059,文化創意事業管理學系永續創生組,管理;文創
059102,059,旅遊管理學系AI遊程規劃組,管理;觀光;人工智慧
059112,059,旅遊管理學系智慧觀光導覽組,管理;觀光
059122,059,旅遊管理學系旅館管理組,管理;觀光;餐旅
059132,059,旅遊管理學系餐宴廚藝組,廚藝;管理;觀光
059142,059,管理學院國際企業學士學位學程,學士班;管理;國際企業
059152,059,管理學院國際企業學士學位學程國際數位行銷組,學士班;管理;國際企業;行銷
059162,059,生死學系社會工作組,殯葬;社會工作
059172,059,生死學系殯葬服務組,殯葬
059182,059,生死學系諮商組,殯葬;諮商輔導
059192,059,幼兒教育學系,教育;幼教
059202,059,文學系,文學
059212,059,文學系藝文創作組,文學
059222,059,外國語文學系應用英語組,英文;外國語文;文學
059232,059,外國語文學系英日語組,日文;外國語文;文學
059242,059,應用社會學系社會學組研究調查組,社會學
059252,059,應用社會學系社會學組社會設計組,設計;社會學
059262,059,應用社會學系社會工作組,社會學;社會工作
059272,059,應用社會學系社會工作組長期照顧管理組,社會學;社會工作;管理
059282,059,應用社會學系社會工作組家庭社會工作組,社會學;社會工作
059292,059,應用社會學系社會工作組兒少社會工作組,社會學;社會工作
059302,059,傳播學系廣告公關新聞組,傳播;新聞;廣告;公關
059312,059,傳播學系數位影音製作組,傳播
059322,059,傳播學系影劇表演藝術組,表演藝術;傳播
059332,059,國際事務與企業學系,公共事務;管理;貿易
059342,059,國際事務與企業學系國際政經與貿易組,貿易
059352,059,國際事務與企業學系公共事務與管理組,公共事務;管理
059362,059,視覺藝術與設計學系繪畫文創組,美術;設計
059372,059,視覺藝術與設計學系數位設計組,設計
059382,059,民族音樂學系,音樂
059392,059,建築學系,建築
059402,059,建築學系社會組,建築
059412,059,建築學系自然組,建築
059422,059,產品與室內設計學系,設計;室內
059432,059,產品與室內設計學系(青年儲蓄帳戶組),青年儲蓄;設計;室內
059442,059,資訊工程學系,資訊工程
059452,059,資訊工程學系人工智慧組,資訊工程;人工智慧
059462,059,資訊工程學系資訊電子組,資訊工程;電子
059472,059,資訊工程學系互動遊戲設計組,設計;資訊工程
059482,059,自然生物科技學系,生命科學;生物科技
059492,059,自然生物科技學系生技療癒組,生命科學;生物科技
059502,059,自然生物科技學系食品生技組,生命科學;食品;生物科技
059512,059,資訊管理學系,管理;資管
059522,059,資訊管理學系人工智慧組,管理;資管;人工智慧
059532,059,資訊管理學系大數據分析組,管理;資管;大數據
060012,060,體育學系(一般組),體育
060022,060,休閒運動學系,休閒;運動科學
060032,060,運動事業管理學系,管理
060042,060,運動健康科學學系(一般組),青年儲蓄;體育;中文;文學
060052,060,運動健康科學學系(青年儲蓄帳戶組),青年儲蓄
060062,060,運動資訊與傳播學系,傳播
060072,060,體育學系(運動專長組),體育
063012,063,藝術史學系,青年儲蓄
063022,063,藝術史學系(青年儲蓄帳戶組),青年儲蓄
063032,063,應用音樂學系,音樂
063042,063,材質創作與設計系,設計
065012,065,社會工作學系,社會工作
065022,065,應用心理學系,心理學
065032,065,法律學系,法律
065042,065,大眾傳播學系,傳播
065052,065,應用日語學系,日文
065062,065,餐旅管理學系,管理;餐旅
065072,065,視覺傳達設計學系,設計;視覺設計
065082,065,藝術與創意設計學系,設計
079012,079,人文與資訊學系文化應用組,會計
079022,079,人文與資訊學系數位應用組,外國語文;會計
079032,079,宗教文化與資訊管理學系,宗教;管理;資管
079042,079,宗教文化與資訊管理學系生命關懷組,宗教;管理;資管
079052,079,宗教文化與資訊管理學系資訊與文創組,宗教;管理;資管
079062,079,宗教文化與資訊管理學系(青年儲蓄帳戶組),青年儲蓄;宗教;管理;資管
079072,079,應用日語學系,日文
079082,079,應用日語學系(青年儲蓄帳戶組),青年儲蓄;日文
079092,079,統計資訊與精算學系一般組,精算;統計
079102,079,統計資訊與精算學系商業應用組,精算;統計
079112,079,資訊工程學系科技應用組,資訊工程
079122,079,資訊工程學系人工智慧應用組,資訊工程;人工智慧
079132,079,資訊工程學系多媒體遊戲設計組,多媒體;設計;資訊工程
079142,079,法律學系財經科技法律組,法律
079152,079,法律學系法律應用實務組,法律
079162,079,財務金融學系,財務金融;金融
079172,079,國際經營與貿易學系,管理;貿易
079182,079,國際經營與貿易學系會計資訊組,管理;會計;貿易
079192,079,經濟學系,經濟
079202,079,企業管理學系,管理;企管
079212,079,企業管理學系(青年儲蓄帳戶組),青年儲蓄;管理;企管
079222,079,運動管理學系,管理
079232,079,運動資訊傳播學系,傳播
079242,079,觀光事業學系,管理;觀光
079252,079,觀光事業學系(青年儲蓄帳戶組),管理;青年儲蓄;觀光
079262,079,航空事業學系,管理
079272,079,音樂應用學系-藝術行政與經紀組,音樂
079282,079,音樂應用學系-音樂表演與創作組,音樂
099012,099,法律學系法學組,法律
099022,099,法律學系法學組(飛鳶組),法律
099032,099,法律學系司法組,法律;犯罪
099042,099,法律學系司法組(飛鳶組),法律;犯罪
099052,099,法律學系財經法組,法律
099062,099,法律學系財經法組(飛鳶組),法律
099072,099,企業管理學系,管理;企管
099082,099,企業管理學系(飛鳶組),管理;企管
099092,099,金融與合作經營學系,管理;金融
099102,099,金融與合作經營學系(飛鳶組),管理;金融
099112,099,會計學系,會計
099122,099,會計學系(飛鳶組),會計
099132,099,統計學系,統計
099142,099,統計學系(飛鳶組),統計
099152,099,休閒運動管理學系,管理;休閒
099162,099,休閒運動管理學系(飛鳶組),管理;休閒
099172,099,公共行政暨政策學系,公共行政;政策
099182,099,公共行政暨政策學系(飛鳶組),公共行政;政策
099192,099,財政學系,財稅
099202,099,財政學系(飛鳶組),財稅
099212,099,不動產與城鄉環境學系甲組,環境;都市計畫;不動產
099222,099,不動產與城鄉環境學系乙組,環境;都市計畫;不動產
099232,099,不動產與城鄉環境學系(飛鳶組),環境;都市計畫;不動產
099242,099,經濟學系,經濟
099252,099,經濟學系(飛鳶組),經濟
099262,099,社會學系,社會學
099272,099,社會學系(飛鳶組),社會學
099282,099,社會工作學系,社會工作
099292,099,社會工作學系(飛鳶組),社會工作
099302,099,中國文學系,中文;文學
099312,099,中國文學系(飛鳶組),中文;文學
099322,099,應用外語學系,外國語文
099332,099,應用外語學系(飛鳶組),外國語文
099342,099,歷史學系,歷史
099352,099,歷史學系(飛鳶組),歷史
099362,099,資訊工程學系,資訊工程
099372,099,資訊工程學系(APCS組),資訊工程
099382,099,資訊工程學系(飛鳶組),資訊工程
099392,099,通訊工程學系,通訊
099402,099,通訊工程學系(飛鳶組),通訊
099412,099,電機工程學系,電機
099422,099,電機工程學系(飛鳶組),電機
100012,100,教育學系,教育
100022,100,輔導與諮商學系,諮商輔導;商學
100032,100,特殊教育學系,教育;特教
100042,100,幼兒教育學系,教育;幼教
100052,100,數位學習設計與管理學系,設計;管理;教育科技
100062,100,中國文學系,中文;文學
100072,100,應用歷史學系,歷史
100082,100,外國語言學系英語教學組,英文;語言學
100092,100,外國語言學系應用外語組,外國語文;語言學
100102,100,企業管理學系,管理;企管
100112,100,應用經濟學系,經濟
100122,100,科技管理學系,管理
100132,100,資訊管理學系,管理;資管
100142,100,資訊管理學系(資安組),管理;資管;資訊安全
100152,100,行銷與觀光管理學系,管理;行銷;觀光
100162,100,財務金融學系,財務金融;金融
100172,100,財務金融學系(青年儲蓄帳戶組),青年儲蓄;財務金融;金融
100182,100,農藝學系,農藝
100192,100,園藝學系,園藝
100202,100,森林暨自然資源學系,自然資源;森林
100212,100,木質材料與設計學系,設計;材料
100222,100,動物科學系,動物科學
100232,100,農業生物科技學系,生命科學;生物科技
100242,100,景觀學系,景觀
100252,100,植物醫學系,植物保護;醫學
100262,100,電子物理學系,物理;電子
100272,100,應用化學系,化學
100282,100,應用數學系,數學
100292,100,資訊工程學系,資訊工程
100302,100,資訊工程學系(APCS組),資訊工程
100312,100,生物機電工程學系,機電工程;生命科學;生物機電
100322,100,土木與水資源工程學系,土木
100332,100,電機工程學系,電機
100342,100,機械與能源工程學系,機械;能源
100352,100,食品科學系,食品
100362,100,水生生物科學系,生命科學
100372,100,生物資源學系,生命科學;生物資源
100382,100,生化科技學系,生物科技
100392,100,微生物免疫與生物藥學系,生命科學;微生物;藥學
100402,100,獸醫學系,獸醫;醫學
100412,100,音樂學系(A組),音樂
100422,100,音樂學系(B組),音樂
100432,100,視覺藝術學系,美術;多媒體;設計
100442,100,體育與健康休閒學系,休閒;體育
101012,101,西洋語文學系,文學
101022,101,運動健康與休閒學系,休閒
101032,101,東亞語文學系日語組,日文;文學
101042,101,東亞語文學系韓語組,韓文;文學
101052,101,東亞語文學系越語組,文學
101062,101,法律學系,法律
101072,101,政治法律學系,法律
101082,101,財經法律學系,法律
101092,101,應用經濟學系,經濟
101102,101,亞太工商管理學系企業管理組,管理;企管;工商管理
101112,101,亞太工商管理學系工業管理組,管理;工商管理
101122,101,資訊管理學系,管理;資管
101132,101,資訊管理學系(資安組),管理;資管;資訊安全
101142,101,財務金融學系,財務金融;金融
101152,101,財務金融學系(青年儲蓄帳戶組),青年儲蓄;財務金融;金融
101162,101,應用數學系,數學
101172,101,應用化學系,化學
101182,101,應用物理學系,物理
101192,101,生命科學系,生命科學
101202,101,電機工程學系,電機
101212,101,土木與環境工程學系土木工程組,土木;環境工程
101222,101,土木與環境工程學系環境工程組,土木;環境工程
101232,101,化學工程及材料工程學系,化學;化學工程;材料
101242,101,資訊工程學系,資訊工程
101252,101,資訊工程學系(資安組),資訊工程;資訊安全
101262,101,建築學系,建築
101272,101,工藝與創意設計學系,美術;設計
108012,108,醫學系,醫學
108022,108,醫學系(公費生),醫學
108032,108,藥學系,藥學
108042,108,醫學檢驗生物技術學系,生命科學;生物科技;醫學檢驗
108052,108,物理治療學系,物理;物理治療
108062,108,公共衛生學系,公共衛生
108072,108,分子生物暨人類遺傳學系,生命科學
108082,108,醫學影像暨放射科學系,醫學;醫學影像
108092,108,護理學系,護理
108102,108,醫學資訊學系,醫療資訊
108112,108,生物醫學暨工程學系,醫學
108122,108,傳播學系,傳播
108132,108,兒童發展與家庭教育學系,兒童家庭;教育
108142,108,社會工作學系,社會工作
108152,108,人類發展與心理學系,心理學
108162,108,東方語文學系,文學
108172,108,外國語文學系,外國語文;文學
108182,108,資訊科技與管理學系,管理
108192,108,醫務暨健康管理學系,管理;健康管理
108202,108,經營管理學系,管理
108212,108,國際服務產業管理學士學位學程,學士班;管理
108222,108,翔飛A組,招生
109012,109,醫學系,醫學
109022,109,醫學系(公費生),醫學
109032,109,牙醫學系,醫學;牙醫
109042,109,藥學系藥學組,藥學
109052,109,藥學系藥學組(英語組),英文;藥學
109062,109,藥學系臨床藥學組,藥學
109072,109,醫學檢驗暨生物技術學系,生命科學;生物科技;醫學檢驗
109082,109,護理學系,護理
109092,109,保健營養學系,營養
109102,109,公共衛生學系,公共衛生
109112,109,醫務管理學系,管理;健康管理
109122,109,呼吸治療學系,呼吸治療
109132,109,高齡健康暨長期照護學系,長照;高齡
109142,109,牙體技術學系,牙體技術
109152,109,口腔衛生學系,公共衛生
109162,109,生物醫學工程學系,生醫工程
109172,109,食品安全學系,食品
109182,109,醫學系（展翅A組）,招生;醫學
109192,109,牙醫學系（展翅B組）,招生;醫學;牙醫
109202,109,展翅C組,招生
109212,109,展翅D組,招生
109222,109,展翅E組,招生
110012,110,企業與創業管理學系,管理;創業
110022,110,企業與創業管理學系(青年儲蓄帳戶組),青年儲蓄;管理;創業
110032,110,國際企業學系,國際企業
110042,110,商學院國際榮譽學士學位學程,學士班;商學
110052,110,國際物流與運輸管理學系,管理;物流;運管
110062,110,空運管理學系,管理
110072,110,觀光與餐飲旅館學系,觀光;餐旅
110082,110,觀光與餐飲旅館學系(青年儲蓄帳戶組),青年儲蓄;觀光;餐旅
110092,110,休閒事業管理學系,管理;休閒
110102,110,資訊管理學系,管理;資管
110112,110,資訊管理學系(APCS組),管理;資管
110122,110,資訊管理學系(青年儲蓄帳戶組),青年儲蓄;管理;資管
110132,110,資訊傳播學系,傳播
110142,110,電影與創意媒體學系,影視
110152,110,法律學系,法律
110162,110,應用日語學系,日文
110172,110,應用日語學系(青年儲蓄帳戶組),青年儲蓄;日文
110182,110,應用英語學系,英文
110192,110,保健營養學系,營養
110202,110,健康產業管理學系,健康產業;管理
110212,110,AI科技與創新設計學士學位學程,學士班;設計;創業;人工智慧
110222,110,AI科技與創新設計學士學位學程(APCS組),學士班;設計;創業;人工智慧
112012,112,嬰幼兒保育學系(台北校區),長照
112022,112,長期照護學系(台北校區),長照
113012,113,財務金融學系,財務金融;金融
113022,113,財經法律學系,法律
113032,113,企業管理學系,管理;企管
113042,113,金融管理學院學士班,學士班;管理;金融
113052,113,科技金融學系,金融
113062,113,運動產業管理學士學位學程,學士班;管理
113072,113,財務金融學系(青年儲蓄帳戶組),青年儲蓄;財務金融;金融
130012,130,建築環境設計學士學位學程（社會組）,環境;學士班;設計;建築
130022,130,建築環境設計學士學位學程（自然組）,環境;學士班;設計;建築
130032,130,傳播學系（數位媒體與智能創作組）,多媒體;傳播
130042,130,傳播學系（廣告公關與精準行銷組）,傳播;廣告;公關;行銷
130052,130,傳播學系（流行音樂傳播與策展組）,音樂;傳播
130062,130,資訊應用學系（資訊系統與AI應用組）,資訊工程;人工智慧
130072,130,資訊應用學系（動畫與視覺特效組）,資訊工程;動畫
130082,130,資訊應用學系（數位遊戲開發組）,遊戲;資訊工程
130092,130,資訊應用學系（虛擬製作與互動科技組）,資訊工程
130102,130,語文學系（華語文創組）,華語;文學
130112,130,語文學系（應用英日語組）,日文;文學
130122,130,語文學系（應用英韓語組）,韓文;文學
130132,130,語文學系（歷史與文化傳播組）,文學;歷史;傳播
130142,130,歷史學系,歷史
130152,130,社會學暨社會工作學系(A 組),社會學;社會工作
130162,130,社會學暨社會工作學系(B 組),社會學;社會工作
130172,130,心理學系,心理學
130182,130,公共行政與國際事務學系（國際與兩岸事務組）,兩岸研究;公共行政
130192,130,公共行政與國際事務學系（行政管理組）,公共行政;管理
130202,130,公共行政與國際事務學系（科技應用與地方創生組）,公共行政
130212,130,公共行政與國際事務學系（宗教事務組）,宗教;公共行政
130222,130,運動與健康促進管理學士學位學程,學士班;管理
130232,130,管理學系,管理
130242,130,應用經濟學系（財務金融組）,財務金融;金融;經濟
130252,130,應用經濟學系（國際商務組）,國際商務;經濟
130262,130,樂活產業學系（永續生活組）,健康產業
130272,130,樂活產業學系（輔助療法組）,健康產業
130282,130,健康與創意蔬食產業學系,蔬食
130292,130,產品與媒體設計學系（智慧產品設計組）,設計
130302,130,產品與媒體設計學系（視覺媒體設計組）,設計
134012,134,健康產業管理學系跨領域高齡智慧照顧組,健康產業;跨域;管理;高齡
134022,134,健康產業管理學系醫療機構管理組,健康產業;管理
134032,134,食品營養與保健生技學系食品營養組,食品;生物科技;營養
134042,134,食品營養與保健生技學系藥用化粧品醫美組,食品;生物科技;營養
134052,134,醫學檢驗暨生物技術學系醫事檢驗組,生命科學;生物科技;醫學檢驗;醫事
134062,134,醫學檢驗暨生物技術學系生物技術組,生命科學;生物科技;醫學檢驗
134072,134,心理學系心理師研修組,心理學
134082,134,心理學系諮商與臨床心理組,心理學;諮商輔導
134092,134,心理學系諮商與臨床心理組（青年儲蓄帳戶組）,青年儲蓄;心理學;諮商輔導
134102,134,心理學系工商與社會心理組,心理學
134112,134,視光學系,視光
134122,134,聽力暨語言治療學系,語言治療;聽力
134132,134,職能治療學系,職能治療
134142,134,物理治療學系,物理;物理治療
134152,134,護理學系國際護理組,護理
134162,134,護理學系智慧護理組,護理
134172,134,護理學系臨床照護組,護理
134182,134,長期照護學系,長照
134192,134,生物資訊與醫學工程學系生醫資訊組,生命科學;生醫工程
134202,134,生物資訊與醫學工程學系醫學工程組,生命科學;生醫工程
134212,134,資訊工程學系人工智慧與機器人組,資訊工程;人工智慧;機器人
134222,134,資訊工程學系半導體資訊組,資訊工程;半導體
134232,134,資訊工程學系(APCS組),資訊工程
134242,134,資訊工程學系(資安組),資訊工程;資訊安全
134252,134,人工智慧學系,人工智慧
134262,134,資訊傳播學系,傳播
134272,134,經營管理學系行銷與企業管理組,管理;企管;行銷
134282,134,經營管理學系休閒遊憩管理組,管理;休閒
134292,134,會計與資訊學系,會計
134302,134,財務金融學系智能投資組,財務金融;金融
134312,134,財務金融學系金融科技組,財務金融;金融
134322,134,財經法律學系,法律
134332,134,社會工作學系兒少與家庭社工組,社會工作
134342,134,社會工作學系醫務與心衛社工組,社會工作
134352,134,幼兒教育學系,教育;幼教
134362,134,數位媒體設計學系動漫遊戲組,多媒體;設計
134372,134,數位媒體設計學系視覺傳達組,多媒體;設計;視覺設計
134382,134,創意商品設計學系,設計
134392,134,時尚設計學系,設計;時尚
134402,134,室內設計學系,設計;室內
150012,150,外國語文學系,外國語文;文學
150022,150,應用經濟與管理學系,管理
150032,150,休閒產業與健康促進學系,休閒
150042,150,土木工程學系,土木
150052,150,機械與機電工程學系,機電工程;機械
150062,150,化學工程與材料工程學系,化學;化學工程;材料
150072,150,環境工程學系,環境工程
150082,150,生物機電工程學系,機電工程;生命科學;生物機電
150092,150,食品科學系,食品
150102,150,生物技術與動物科學系,生命科學;動物科學;生物科技
150112,150,森林暨自然資源學系,自然資源;森林
150122,150,園藝學系,園藝
150132,150,電機工程學系,電機
150142,150,電子工程學系,電子
150152,150,資訊工程學系,資訊工程
150162,150,資訊工程學系(APCS組),資訊工程
150172,150,資訊工程學系(資安組),資訊工程;資訊安全
151012,151,機械工程學系,機械
151022,151,化學工程學系,化學;化學工程
151032,151,土木與防災工程學系,土木
151042,151,材料科學工程學系,材料
151052,151,環境與安全衛生工程學系,環境;職業安全
151062,151,能源工程學系,能源
151072,151,建築學系,建築
151082,151,工業設計學系,設計;工業設計
151092,151,電機工程學系,電機
151102,151,電子工程學系(A組),電子
151112,151,電子工程學系(B組),電子
151122,151,光電工程學系,光電
151132,151,資訊工程學系,資訊工程
151142,151,經營管理學系,管理
151152,151,資訊管理學系,管理;資管
151162,151,資訊管理學系(APCS組),管理;資管
151172,151,財務金融學系,財務金融;金融
151182,151,臺灣語文與傳播學系,傳播
151192,151,華語文學系,華語;文學
151202,151,文化觀光產業學系,觀光
151212,151,文化創意與數位行銷學系,行銷;文創
152012,152,醫學系,醫學
152022,152,護理學系,護理
152032,152,聽力暨語言治療學系聽力組,語言治療;聽力
152042,152,聽力暨語言治療學系語言組,語言治療;聽力
152052,152,視光學系,視光
152062,152,醫學檢驗暨再生醫學學系,醫學;醫學檢驗
152072,152,醫學系(薪傳組),醫學
152082,152,護理學系(薪傳組),護理
152092,152,聽力暨語言治療學系聽力組(薪傳組),語言治療;聽力
152102,152,視光學系(薪傳組),視光
152112,152,醫學檢驗暨再生醫學學系(薪傳組),醫學;醫學檢驗
152122,152,聽力暨語言治療學系聽力組(青年儲蓄帳戶組),青年儲蓄;語言治療;聽力
153012,153,應用英語學系,英文
153022,153,運動與休閒學系,休閒
153032,153,企業管理學系,管理;企管
153042,153,電機工程學系,電機
153052,153,電機工程學系(APCS組),電機
153062,153,食品科學系,食品
153072,153,土木與工程管理學系,管理;土木
153082,153,觀光管理學系,管理;觀光
153092,153,資訊工程學系,資訊工程
153102,153,資訊工程學系(APCS組),資訊工程
153112,153,資訊工程學系(資安組),資訊工程;資訊安全
153122,153,建築學系,建築
153132,153,國際暨大陸事務學系,兩岸研究
153142,153,華語文學系,華語;文學
153152,153,海洋與邊境管理學系,管理
153162,153,工業工程與管理學系,管理;工業工程
153172,153,護理學系(A組),護理
153182,153,護理學系(B組),護理
153192,153,長期照護學系,長照
153202,153,社會工作學系,社會工作
153212,153,都市計畫與景觀學系,都市計畫;景觀
154012,154,基督教博雅學系,青年儲蓄
154022,154,基督教博雅學系(青年儲蓄帳戶組),青年儲蓄
