dept_id,univ_id,department,category
1012,1,中國文學系,"3,81"
1022,1,外國語文學系,"47,81"
1032,1,歷史學系,96
1042,1,哲學系,34
1052,1,人類學系,8
1062,1,圖書資訊學系,40
1072,1,日本語文學系,"85,81"
1082,1,戲劇學系,69
1092,1,數學系,76
1102,1,物理學系,112
1112,1,化學系,28
1122,1,地質科學系,45
1132,1,心理學系,68
1142,1,地理環境資源學系,"117,46"
1152,1,大氣科學系,50
1162,1,政治學系政治理論組,72
1172,1,政治學系國際關係組,"72,38"
1182,1,政治學系公共行政組,"72,20"
1192,1,經濟學系A組,134
1202,1,經濟學系B組,134
1212,1,經濟學系C組,134
1222,1,社會學系,126
1232,1,社會工作學系,127
1242,1,醫學系,182
1252,1,醫學系(公費生),182
1262,1,牙醫學系,"182,109"
1272,1,藥學系,151
1282,1,醫學檢驗暨生物技術學系,"120,123,184"
1292,1,護理學系,162
1302,1,物理治療學系,"112,113"
1312,1,職能治療學系,138
1322,1,土木工程學系,43
1332,1,機械工程學系,94
1342,1,化學工程學系,"28,29"
1352,1,工程科學及海洋工程學系,"59,147"
1362,1,材料科學與工程學系,90
1372,1,醫學工程學系,125
1382,1,農藝學系,175
1392,1,生物環境系統工程學系,"117,120,132"
1402,1,農業化學系,28
1412,1,森林環境暨資源學系,"117,91"
1422,1,動物科學技術學系,24
1432,1,農業經濟學系,"134,174"
1442,1,園藝暨景觀學系,"88,39"
1452,1,獸醫學系,"116,182"
1462,1,生物產業傳播暨發展學系,"14,120"
1472,1,生物機電工程學系,"95,120,122"
1482,1,昆蟲學系,86
1492,1,植物病理與微生物學系,"120,66,92"
1502,1,工商管理學系企業管理組,"130,9,56"
1512,1,工商管理學系科技管理組,"130,56"
1522,1,會計學系,89
1532,1,財務金融學系,"164,186"
1542,1,國際企業學系,36
1552,1,資訊管理學系,"130,168"
1562,1,資訊管理學系(資安組),"130,168,169"
1572,1,公共衛生學系,21
1582,1,電機工程學系,190
1592,1,資訊工程學系,170
1602,1,資訊工程學系(APCS組),170
1612,1,資訊工程學系(資安組),"170,169"
1622,1,法律學系法學組,102
1632,1,法律學系司法組,"102,115"
1642,1,法律學系財經法學組,102
1652,1,生命科學系,120
1662,1,生化科技學系,123
1672,1,國際體育運動事務學士學位學程,"52,198"
1682,1,希望組甲組(文社法),70
1692,1,希望組乙組(地理及生傳),"70,46"
1702,1,希望組丙組(理),70
1712,1,希望組丁組(生醫),70
1722,1,希望組戊組(工電資),70
1732,1,希望組己組(經管),70
1742,1,希望組庚組(生農),70
1752,1,希望組辛組(醫牙),70
2012,2,教育學系,74
2022,2,教育心理與輔導學系,161
2032,2,社會教育學系,"128,74"
2042,2,社會教育學系(青年儲蓄帳戶組),"192,128,74"
2052,2,健康促進與衛生教育學系,"74,137"
2062,2,幼兒與家庭科學學系家庭生活與教育組,"60,55"
2072,2,幼兒與家庭科學學系幼兒發展與教育組,"60,55"
2082,2,幼兒與家庭科學學系幼兒發展與教育組(青年儲蓄帳戶組),"192,60,55"
2092,2,公民教育與活動領導學系,"74,10"
2102,2,特殊教育學系,"74,114"
2112,2,特殊教育學系(公費生),"74,114"
2122,2,學習科學學士學位學程,52
2132,2,教育學院學士班,"52,74"
2142,2,教育學院學士班(青年儲蓄帳戶組),"192,52,74"
2152,2,國文學系,"3,81"
2162,2,英語學系,148
2172,2,歷史學系,96
2182,2,地理學系,46
2192,2,臺灣語文學系,81
2202,2,數學系,76
2212,2,數學系(公費生),76
2222,2,物理學系,112
2232,2,物理學系國際組,112
2242,2,化學系,28
2252,2,生命科學系,120
2262,2,地球科學系,45
2272,2,資訊工程學系,170
2282,2,資訊工程學系(APCS組),170
2292,2,資訊工程學系(資安組),"170,169"
2302,2,營養科學學士學位學程,"52,108"
2312,2,科技應用與人力資源發展學系,7
2322,2,圖文傳播學系,14
2332,2,機電工程學系,95
2342,2,電機工程學系,190
2352,2,光電工程學士學位學程,"52,15"
2362,2,華語文教學系應用華語文學組,"149,81"
2372,2,東亞學系,30
2382,2,企業管理學系,"130,9"
2392,2,設計學系產品設計組,158
2402,2,晨光招生(學習科學學士學位學程),52
2412,2,晨光招生(生命科學系),120
2422,2,晨光招生(光電工程學士學位學程),"52,15"
2432,2,晨光招生(企業管理學系),"130,9"
2442,2,晨光招生(表演藝術學士學位學程),"52,153"
2452,2,音樂學系,194
2462,2,表演藝術學士學位學程,"52,153"
2472,2,設計學系視覺設計組,"158,156"
2482,2,美術學系繪畫組,135
2492,2,美術學系水墨畫組,135
2502,2,體育與運動科學系,"198,178"
2512,2,體育與運動科學系(公費生A組),"198,178"
2522,2,體育與運動科學系(公費生B組),"198,178"
3012,3,中國文學系,"3,81"
3022,3,外國語文學系,"47,81"
3032,3,歷史學系,96
3042,3,台灣人文創新學士學位學程,"52,32,23"
3052,3,財務金融學系,"164,186"
3062,3,企業管理學系,"130,9"
3072,3,資訊管理學系,"130,168"
3082,3,資訊管理學系(APCS組),"130,168"
3092,3,會計學系,89
3102,3,行銷學系,152
3112,3,應用經濟學系,134
3122,3,法律學系,102
3132,3,化學系,28
3142,3,物理學系一般物理組,112
3152,3,物理學系光電物理組,"112,15"
3162,3,應用數學系應用數學組,76
3172,3,應用數學系數據科學與計算組,"76,167"
3182,3,應用數學系數據科學與計算組(資安組),"76,167,169"
3192,3,機械工程學系,94
3202,3,土木工程學系,43
3212,3,環境工程學系,118
3222,3,化學工程學系,"28,29"
3232,3,材料科學與工程學系,90
3242,3,智慧創意工程學士學位學程,52
3252,3,電機工程學系,190
3262,3,資訊工程學系,170
3272,3,資訊工程學系(APCS組),170
3282,3,資訊工程學系(資安組),"170,169"
3292,3,電機資訊學院學士班,"52,191,190"
3302,3,生物產業機電工程學系,"95,120"
3312,3,水土保持學系,100
3322,3,食品暨應用生物科技學系,"120,196,123"
3332,3,農藝學系,175
3342,3,園藝學系,39
3352,3,森林學系林學組,91
3362,3,森林學系木材科學組,91
3372,3,植物病理學系,92
3382,3,昆蟲學系,86
3392,3,動物科學系,24
3402,3,土壤環境科學系,"119,42"
3412,3,生物科技學士學位學程,"52,120,123"
3422,3,景觀與遊憩學士學位學程,"52,88"
3432,3,國際農企業學士學位學程,52
3442,3,生命科學系,120
3452,3,獸醫學系,"116,182"
3462,3,興翼招生A組(商學管理),"70,35,130"
3472,3,興翼招生B組(文史法律),"70,102"
3482,3,興翼招生C組(化學數學),"70,76,28"
3492,3,興翼招生D組(化材電資暨工程),70
3502,3,興翼招生E組(生物資源暨農業科技),"70,120,124"
3512,3,興翼招生F組(生物科技暨獸醫),"70,120,116,123"
4012,4,中國文學系,"3,81"
4022,4,外國語文學系,"47,81"
4032,4,歷史學系,96
4042,4,台灣文學系,"81,32"
4052,4,數學系,76
4062,4,物理學系,112
4072,4,化學系,28
4082,4,地球科學系,45
4092,4,光電科學與工程學系,15
4102,4,機械工程學系,94
4112,4,機械工程學系(普渡雙聯組),94
4122,4,化學工程學系,"28,29"
4132,4,材料科學及工程學系,90
4142,4,資源工程學系,"43,140,94"
4152,4,土木工程學系,43
4162,4,水利及海洋工程學系,"99,147"
4172,4,工程科學系,59
4182,4,系統及船舶機電工程學系,"95,147"
4192,4,航空太空工程學系,145
4202,4,能源工程國際學士學位學程,"52,140"
4212,4,環境工程學系,118
4222,4,測量及空間資訊學系,107
4232,4,生物醫學工程學系,125
4242,4,工業與資訊管理學系,"130,168"
4252,4,工業與資訊管理學系(APCS組),"130,168"
4262,4,交通管理科學系,"130,5"
4272,4,統計學系,133
4282,4,會計學系,89
4292,4,企業管理學系,"130,9"
4302,4,醫學系,182
4312,4,醫學系(公費生),182
4322,4,牙醫學系,"182,109"
4332,4,醫學檢驗生物技術學系,"120,123,184"
4342,4,護理學系,162
4352,4,物理治療學系,"112,113"
4362,4,職能治療學系,138
4372,4,藥學系,151
4382,4,政治學系,72
4392,4,經濟學系,134
4402,4,法律學系,102
4412,4,心理學系,68
4422,4,電機工程學系,190
4432,4,電機工程學系(普渡雙聯組),190
4442,4,資訊工程學系,170
4452,4,資訊工程學系(智慧系統組),170
4462,4,資訊工程學系(普渡雙聯組),170
4472,4,建築學系,63
4482,4,都市計劃學系,180
4492,4,工業設計學系,"158,58"
4502,4,生命科學系,120
4512,4,生物科技與產業科學系,"120,123"
4522,4,生物科技與產業科學系(APCS組),"120,123"
4532,4,全校不分系學士學位學程,"1,52"
4542,4,成星招生甲組(文社),70
4552,4,成星招生乙組(管理),130
4562,4,成星招生丙組(理),70
4572,4,成星招生丁組(工),70
4582,4,成星招生戊組(生醫),70
5012,5,中國文學系,"3,81"
5022,5,歷史學系,96
5032,5,哲學系,34
5042,5,政治學系,72
5052,5,社會學系,126
5062,5,社會工作學系,127
5072,5,英文學系,"148,81"
5082,5,日本語文學系,"85,81"
5092,5,德國文化學系,"3,78,28"
5102,5,數學系,76
5112,5,物理學系,112
5122,5,化學系,28
5132,5,微生物學系,"120,66"
5142,5,心理學系,68
5152,5,法律學系,102
5162,5,經濟學系,134
5172,5,會計學系,89
5182,5,企業管理學系,"130,9"
5192,5,國際經營與貿易學系,"130,166"
5202,5,財務工程與精算數學系,"163,131,76"
5212,5,資訊管理學系,"130,168"
5222,5,資訊管理學系(APCS組),"130,168"
5232,5,資料科學系,167
5242,5,音樂學系,194
6012,6,中國文學系,"3,81"
6022,6,歷史學系,96
6032,6,哲學系,34
6042,6,教育學系,74
6052,6,政治學系,72
6062,6,社會學系,126
6072,6,財政學系,165
6082,6,公共行政學系,20
6092,6,地政學系土地資源規劃組,"44,41"
6102,6,地政學系土地管理組,"44,41,130"
6112,6,地政學系土地測量與資訊組,"44,41,107"
6122,6,經濟學系,134
6132,6,民族學系,98
6142,6,外交學系,38
6152,6,國際經營與貿易學系,"130,166"
6162,6,金融學系,186
6172,6,會計學系,89
6182,6,統計學系(甲組),133
6192,6,統計學系(乙組),133
6202,6,企業管理學系,"130,9"
6212,6,資訊管理學系,"130,168"
6222,6,財務管理學系,130
6232,6,風險管理與保險學系,"130,195,11"
6242,6,傳播學院大一大二不分系(社會組),"1,14"
6252,6,傳播學院大一大二不分系(自然組),"1,14"
6262,6,英國語文學系,81
6272,6,阿拉伯語文學系,81
6282,6,斯拉夫語文學系,81
6292,6,日本語文學系,"85,81"
6302,6,韓國語文學系,"193,81"
6312,6,土耳其語文學系,81
6322,6,歐洲語文學系法文組,81
6332,6,歐洲語文學系德文組,81
6342,6,歐洲語文學系西班牙文組,81
6352,6,東南亞語文學系越文組,81
6362,6,東南亞語文學系泰文組,81
6372,6,東南亞語文學系印尼文組,81
6382,6,法律學系,102
6392,6,應用數學系,76
6402,6,心理學系,68
6412,6,資訊科學系,171
6422,6,資訊科學系(APCS組),171
6432,6,資訊科學系(資安組),"171,169"
6442,6,創新國際學院學士班,"52,23"
6452,6,政星招生(甲組),70
6462,6,政星招生(乙組),70
7012,7,醫學系,182
7022,7,運動醫學系,182
7032,7,呼吸治療學系,33
7042,7,牙醫學系,"182,109"
7052,7,口腔衛生學系,21
7062,7,藥學系,151
7072,7,香粧品學系,70
7082,7,護理學系,162
7092,7,公共衛生學系,21
7102,7,醫學檢驗生物技術學系,"120,123,184"
7112,7,醫學影像暨放射科學系,"182,183"
7122,7,職能治療學系,138
7132,7,物理治療學系,"112,113"
7142,7,醫務管理暨醫療資訊學系,"185,130,13"
7152,7,醫務管理暨醫療資訊學系(APCS組),"185,130,13"
7162,7,醫藥暨應用化學系應用化學組,28
7172,7,醫藥暨應用化學系醫藥化學組,28
7182,7,生物醫學暨環境生物學系,"117,120,182"
7192,7,生物科技學系,"120,123"
7202,7,生命科學院學士班,"52,120"
7212,7,心理學系,68
7222,7,醫學社會學與社會工作學系,"126,127,182"
7232,7,薪火招生A1組(醫學系),"70,182"
7242,7,薪火招生A2組(牙醫學系),"70,182,109"
7252,7,薪火招生A3組(藥學系),"70,151"
7262,7,薪火招生B組(醫事證照類),"70,181"
7272,7,薪火招生C組(運醫、醫化與香粧品學系),70
7282,7,薪火招生D組(人文社會科學類),70
7292,7,薪火招生E組(生命科學類),"70,120"
7302,7,薪火招生F組(口衛、公衛與醫管資學系),70
7312,7,醫學系(公費生),182
8012,8,應用數學系,76
8022,8,物理學系物理組,112
8032,8,物理學系光電與材料科學組,"112,15,90"
8042,8,化學系化學組,28
8052,8,化學系材料化學組,"28,90"
8062,8,心理學系,68
8072,8,生物科技學系,"120,123"
8082,8,化學工程學系綠能製程組,"28,29,140"
8092,8,化學工程學系生化工程組,"28,29"
8102,8,化學工程學系材料工程組,"28,29,90"
8112,8,土木工程學系,43
8122,8,機械工程學系,94
8132,8,生物醫學工程學系,125
8142,8,環境工程學系,118
8152,8,電機資訊學院學士班,"52,191,190"
8162,8,工業與系統工程學系工程組,132
8172,8,工業與系統工程學系管理組,"130,132"
8182,8,電子工程學系,189
8192,8,資訊工程學系,170
8202,8,電機工程學系,190
8212,8,中原大學美國威大密爾瓦基分校電機與資訊工程雙學士學位學程,"52,170,190"
8222,8,電機資訊學院智慧運算與大數據學士班,"52,49,191,190"
8232,8,企業管理學系服務業管理組,"130,9"
8242,8,企業管理學系高科技業管理組,"130,9"
8252,8,企業管理學系工商管理組,"130,9,56"
8262,8,國際經營與貿易學系,"130,166"
8272,8,會計學系,89
8282,8,資訊管理學系,"130,168"
8292,8,財務金融學系,"164,186"
8302,8,中原大學與美國天普大學商學管理雙學士學位學程,"52,35,130"
8312,8,財經法律學系財貿法組,102
8322,8,財經法律學系科技法組,102
8332,8,建築學系,63
8342,8,室內設計學系,"158,54"
8352,8,商業設計學系商業設計組,158
8362,8,商業設計學系產品設計組乙類,158
8372,8,地景建築學系,63
8382,8,英國牛津布魯克斯大學建築及都市設計雙學士學位學程,"52,158,63"
8392,8,特殊教育學系,"74,114"
8402,8,應用外國語文學系,"47,81"
8412,8,應用華語文學系,"149,81"
8422,8,商業設計學系產品設計組甲類,158
9012,9,中國文學系,"3,81"
9022,9,外國語文學系,"47,81"
9032,9,歷史學系,96
9042,9,日本語言文化學系,"85,78,28"
9052,9,哲學系,34
9062,9,應用物理學系,112
9072,9,化學系化學組,28
9082,9,化學系化學生物組,"28,120"
9092,9,生命科學系生物醫學組,"120,182"
9102,9,生命科學系生態暨生物多樣性組,120
9112,9,智慧計算暨應用數學系(A組),76
9122,9,智慧計算暨應用數學系(B組),76
9132,9,化學工程與材料工程學系,"28,29,90"
9142,9,工業工程與經營資訊學系(智慧設計與生產組),"130,158,57"
9152,9,工業工程與經營資訊學系(智慧經營與管理組),"130,57"
9162,9,環境科學與工程學系,119
9172,9,資訊工程學系,170
9182,9,資訊工程學系(APCS組),170
9192,9,電機工程學系,190
9202,9,企業管理學系,"130,9"
9212,9,國際經營與貿易學系,"130,166"
9222,9,會計學系,89
9232,9,財務金融學系,"164,186"
9242,9,統計學系(巨量資料管理組),"130,133"
9252,9,統計學系(決策管理組),"130,133"
9262,9,資訊管理學系,"130,168"
9272,9,經濟學系,134
9282,9,政治學系,72
9292,9,行政管理暨政策學系,"73,130"
9302,9,社會學系,126
9312,9,社會工作學系,127
9322,9,畜產與生物科技學系,"120,24,123"
9332,9,食品科學系,196
9342,9,餐旅管理學系,"130,197"
9352,9,高齡健康與運動科學學士學位學程,"52,178,199"
9362,9,建築學系,63
9372,9,工業設計學系(A組),"158,58"
9382,9,工業設計學系(B組),"158,58"
9392,9,景觀學系,88
9402,9,法律學系,102
9412,9,國際學院國際經營管理學位學程,"130,52"
9422,9,永續科學與管理學士學位學程,"52,130"
9432,9,音樂學系(演奏唱組),194
9442,9,音樂學系(音樂治療組),194
9452,9,美術學系,135
11012,11,中國文學系甲組(一般組),"3,81"
11022,11,中國文學系乙組(華語文教學組),"3,149,81"
11032,11,外國語文學系,"47,81"
11042,11,人文社會學院學士班,"52,126"
11052,11,教育與學習科技學系,75
11062,11,幼兒教育學系,"74,60"
11072,11,教育心理與諮商學系,"161,35"
11082,11,教育心理與諮商學系(公費生甲組),"161,35"
11092,11,教育心理與諮商學系(公費生乙組),"161,35"
11102,11,特殊教育學系,"74,114"
11112,11,英語教學系,148
11122,11,竹師教育學院學士班,"52,74"
11132,11,環境與文化資源學系,"79,117"
11142,11,經濟學系,134
11152,11,科技管理學院學士班,"52,130"
11162,11,計量財務金融學系,"164,186"
11172,11,數學系甲組(數學組),76
11182,11,數學系乙組(應用數學組),76
11192,11,物理學系物理組(甲組一般組),112
11202,11,物理學系物理組(乙組天文物理組),112
11212,11,物理學系光電物理組,"112,15"
11222,11,化學系,28
11232,11,理學院學士班,52
11242,11,生醫工程與環境科學系,"119,125"
11252,11,工程與系統科學系甲組(低碳綠能組),140
11262,11,工程與系統科學系乙組(智慧奈米系統組),51
11272,11,原子科學院學士班,52
11282,11,化學工程學系,"28,29"
11292,11,動力機械工程學系,94
11302,11,材料科學工程學系,90
11312,11,工業工程與工程管理學系,"130,57"
11322,11,工學院學士班,52
11332,11,電機工程學系甲組,190
11342,11,電機工程學系乙組,190
11352,11,資訊工程學系甲組(電子資訊組),"170,189"
11362,11,資訊工程學系乙組(資訊工程組),170
11372,11,資訊工程學系丙組(人工智慧組),"170,6"
11382,11,資訊工程學系(APCS組),170
11392,11,電機資訊學院學士班,"52,191,190"
11402,11,生命科學系,120
11412,11,醫學科學系,182
11422,11,生命科學暨醫學院學士班,"52,120,182"
11432,11,清華學院學士班甲組(不分系招生–創新設計),"1,52,158,23"
11442,11,清華學院學士班乙組(青年儲蓄帳戶組),"192,52"
11452,11,旭日招生甲組(人文、教育),70
11462,11,旭日招生乙組(科管),70
11472,11,旭日招生丙組(理工、原科、生科),70
11482,11,旭日招生丁組(電資院),70
11492,11,運動科學系,178
11502,11,藝術學院學士班(科技藝術組),52
11512,11,藝術學院學士班(音樂組),"52,194"
11522,11,藝術學院學士班(藝設跨域組),"52,172"
11532,11,音樂學系,194
11542,11,藝術與設計學系創作組,158
11552,11,藝術與設計學系設計組,158
12012,12,牙醫學系,"182,109"
12022,12,醫學系,182
12032,12,中醫學系甲組,"182,4"
12042,12,中醫學系乙組,"182,4"
12052,12,藥學系,151
12062,12,護理學系,162
12072,12,醫學檢驗生物技術學系,"120,123,184"
12082,12,營養學系,108
12092,12,物理治療學系,"112,113"
12102,12,生物科技學系,"120,123"
12112,12,運動醫學系,182
12122,12,中國藥學暨中藥資源學系,151
12132,12,藥用化妝品學系,27
12142,12,生物醫學影像暨放射科學學系,"182,183"
12152,12,公共衛生學院大一不分系,"1,21"
12162,12,生物醫學工程學系,125
12172,12,醫療資訊學系,185
13012,13,電機工程學系甲組(電資國際組),190
13022,13,電機工程學系乙組(電機工程組),190
13032,13,電機工程學系丙組(醫學電資組),"190,182"
13042,13,光電工程學系甲組(智慧系統組),15
13052,13,光電工程學系乙組(半導體光電組),"15,31"
13062,13,資訊工程學系(甲組),170
13072,13,資訊工程學系(乙組),170
13082,13,資訊工程學系(APCS組),170
13092,13,資訊工程學系(資安組),"170,169"
13102,13,半導體工程學系固態電子組,"189,31"
13112,13,半導體工程學系奈米科學組,"31,51"
13122,13,材料科學與工程學系,90
13132,13,機械工程學系,94
13142,13,土木工程學系甲組(科技暨基礎建設永續發展組),"43,64"
13152,13,土木工程學系乙組(科技暨基礎建設永續發展國際組),"43,64"
13162,13,理學院科學學士學位學程(乙組),52
13172,13,理學院科學學士學位學程(丙組),52
13182,13,電子物理學系光電與奈米科學組,"112,189,15,51"
13192,13,電子物理學系電子物理組,"112,189"
13202,13,應用化學系,28
13212,13,應用數學系,76
13222,13,生物科技學系(甲組),"120,123"
13232,13,生物科技學系(乙組),"120,123"
13242,13,資訊管理與財務金融學系資訊管理組,"130,164,186,168"
13252,13,資訊管理與財務金融學系財務金融組,"130,164,186,168"
13262,13,管理科學系,130
13272,13,運輸與物流管理學系,"130,111"
13282,13,工業工程與管理學系,"130,57"
13292,13,外國語文學系甲組(跨域人文組),"172,47,81"
13302,13,外國語文學系乙組(語言科學組),"47,81"
13312,13,傳播與科技學系,14
13322,13,人文社會學系,126
13332,13,屯蒙-電機資訊組,"70,191,190"
13342,13,屯蒙-工程組,70
13352,13,屯蒙-理學生物科技組,"70,120,123"
13362,13,屯蒙-管理組,"70,130"
13372,13,屯蒙-人文社會組,70
13382,13,屯蒙-醫學組,"70,182"
13392,13,屯蒙-牙醫組,"70,109"
13402,13,屯蒙-醫事證照組,"70,181"
13412,13,屯蒙-生醫科學組,70
13422,13,醫學系醫師組,182
13432,13,醫學系醫師科學家組,182
13442,13,醫學系醫師工程師組,182
13452,13,醫學系(公費生),182
13462,13,牙醫學系,"182,109"
13472,13,醫學生物技術暨檢驗學系(生技及檢驗醫學組),"120,123,182"
13482,13,醫學生物技術暨檢驗學系(資訊及精準醫學組),"120,123,182"
13492,13,生物醫學影像暨放射科學系,"182,183"
13502,13,護理學系,162
13512,13,物理治療暨輔助科技學系,"112,113"
13522,13,生命科學系暨基因體科學研究所(生物醫學科學組),"120,182"
13532,13,生命科學系暨基因體科學研究所(生醫光電與資訊組),"120,15"
13542,13,生物醫學工程學系,125
13552,13,藥學系,151
13562,13,學士班大一大二不分系,"1,52"
13572,13,中醫學系,"182,4"
14012,14,中國文學學系,"3,81"
14022,14,歷史學系,96
14032,14,資訊與圖書館學系,40
14042,14,大眾傳播學系,14
14052,14,資訊傳播學系,14
14062,14,教育科技學系,75
14072,14,教育與未來設計學系,158
14082,14,英文學系,"148,81"
14092,14,英文學系全英語學士班,"52,17,148,81"
14102,14,歐洲語文學系法文組,81
14112,14,歐洲語文學系德文組,81
14122,14,歐洲語文學系西文組,81
14132,14,歐洲語文學系俄文組,81
14142,14,日本語文學系,"85,81"
14152,14,財務金融學系,"164,186"
14162,14,財務金融學系全球財務管理全英語學士班,"52,17,148,130,164,186"
14172,14,國際企業學系經貿管理組,"130,36"
14182,14,國際企業學系國際商學全英語組,"17,148,35,36"
14192,14,風險管理與保險學系,"130,195,11"
14202,14,經濟學系,134
14212,14,會計學系,89
14222,14,企業管理學系,"130,9"
14232,14,企業管理學系全英語學士班,"52,17,148,130,9"
14242,14,統計與資料科學學系,"133,167"
14252,14,資訊管理學系,"130,168"
14262,14,運輸管理學系,"130,179"
14272,14,公共行政學系,20
14282,14,管理科學學系,130
14292,14,外交與國際關係學系全英語學士班,"52,17,148,38"
14302,14,國際觀光管理學系全英語學士班,"52,17,148,130,157"
14312,14,全球政治經濟學系全英語學士班,"52,17,148,134"
14322,14,應用數學與數據科學學系,"76,167"
14332,14,化學學系,28
14342,14,物理學系(量子材料組),"112,90"
14352,14,物理學系(天文與基礎物理組),112
14362,14,建築學系,63
14372,14,土木工程學系,43
14382,14,資訊工程學系,170
14392,14,資訊工程學系全英語學士班,"52,17,148,170"
14402,14,機械與機電工程學系,"95,94"
14412,14,電機工程學系電機資訊組,"191,190"
14422,14,電機工程學系電機通訊組,"176,190"
14432,14,電機工程學系電機與系統組,190
14442,14,化學工程與材料工程學系,"28,29,90"
14452,14,航空太空工程學系,145
14462,14,水資源及環境工程學系,118
14472,14,人工智慧學系,6
14482,14,資訊工程學系(APCS組),170
14492,14,電機工程學系電機資訊組(APCS組),"191,190"
14502,14,人工智慧學系(APCS組),6
14512,14,資訊管理學系(APCS組),"130,168"
14522,14,建築學系(青年儲蓄帳戶組),"192,63"
15012,15,機械與電腦輔助工程學系,94
15022,15,纖維與複合材料學系,90
15032,15,工業工程與系統管理學系A組,"130,57"
15042,15,工業工程與系統管理學系B組,"130,57"
15052,15,化學工程學系,"28,29"
15062,15,航太與系統工程學系,"145,132,144"
15072,15,精密系統設計學士學位學程,"52,158"
15082,15,應用數學系A組,76
15092,15,應用數學系B組,76
15102,15,材料科學與工程學系,90
15112,15,環境工程與科學學系,118
15122,15,光電科學與工程學系,15
15132,15,會計學系,89
15142,15,國際經營與貿易學系,"130,166"
15152,15,國際企業管理全英語學士學位學程,"52,17,148,130,9,36"
15162,15,財稅學系,165
15172,15,合作經濟暨社會事業經營學系,130
15182,15,統計學系商業大數據組,"133,49"
15192,15,統計學系大數據分析與市場決策組,"152,133,49"
15202,15,經濟學系,134
15212,15,企業管理學系,"130,9"
15222,15,行銷學系,152
15232,15,中國文學系,"3,81"
15242,15,外國語文學系,"47,81"
15252,15,資訊工程學系,170
15262,15,資訊工程學系(APCS組),170
15272,15,資訊工程學系(資安組),"170,169"
15282,15,電子工程學系,189
15292,15,電機工程學系,190
15302,15,自動控制工程學系,71
15312,15,資訊電機學院學士班,"52,190"
15322,15,通訊工程學系,176
15332,15,土木工程學系,43
15342,15,水利工程與資源保育學系,"99,142"
15352,15,都市計畫與空間資訊學系,180
15362,15,運輸與物流學系,111
15372,15,土地管理學系,"41,130"
15382,15,財務金融學系,"164,186"
15392,15,風險管理與保險學系,"130,195,11"
15402,15,財務工程與精算學士學位學程,"52,163,131"
15412,15,金融學院學士班,"52,186"
15422,15,室內設計學士學位學程,"52,158,54"
15432,15,建築專業學院學士班,"52,63"
15442,15,澳洲墨爾本皇家理工大學商學與創新雙學士學位學程,"52,35,23"
15452,15,澳洲昆士蘭大學商學雙學士學位學程,"52,35"
15462,15,澳洲新南威爾斯大學設計雙學士學位學程,"52,158"
15472,15,澳洲昆士蘭大學電機工程雙學士學位學程,"52,190"
15482,15,澳洲蒙納許大學資訊工程雙學士學位學程,"52,170"
15492,15,美國加州聖荷西州立大學商學大數據分析雙學士學位學程,"52,35,49"
15502,15,美國加州聖荷西州立大學電機工程雙學士學位學程,"52,190"
15512,15,美國加州舊金山州立大學資訊工程雙學士學位學程,"52,170"
15522,15,人工智慧技術與應用學士學位學程,"52,6"
16012,16,中國文學系,"3,81"
16022,16,英美語文學系,81
16032,16,法國語文學系,"103,81"
16042,16,文學院學士班,"52,81"
16052,16,數學系數學科學組,76
16062,16,數學系計算與資料科學組,"76,167"
16072,16,物理學系,112
16082,16,化學學系,28
16092,16,光電科學與工程學系,15
16102,16,理學院學士班,52
16112,16,土木工程學系,43
16122,16,機械工程學系先進材料與精密製造組,"94,90"
16132,16,機械工程學系光機電工程組,"95,94"
16142,16,機械工程學系設計與分析組,"158,94"
16152,16,化學工程與材料工程學系,"28,29,90"
16162,16,工學院學士班,52
16172,16,企業管理學系,"130,9"
16182,16,資訊管理學系,"130,168"
16192,16,資訊管理學系(APCS組),"130,168"
16202,16,經濟學系,134
16212,16,財務金融學系,"164,186"
16222,16,電機工程學系,190
16232,16,資訊工程學系,170
16242,16,資訊工程學系(APCS組),170
16252,16,資訊工程學系(資安組),"170,169"
16262,16,通訊工程學系,176
16272,16,資訊電機學院學士班,"52,190"
16282,16,大氣科學學系,50
16292,16,太空科學與工程學系,90
16302,16,地球科學學系,45
16312,16,地球科學學院學士班,"52,45"
16322,16,客家語文暨社會科學學系客家語文及傳播組,14
16332,16,客家語文暨社會科學學系客家社會及政策組,73
16342,16,生命科學系,120
16352,16,生醫科學與工程學系,90
16362,16,向日葵聯合招生甲組(電資),70
16372,16,向日葵聯合招生乙組(商管),70
16382,16,向日葵聯合招生丙組(理學),70
16392,16,向日葵聯合招生丁組(工程),70
16402,16,向日葵聯合招生戊組(人社),70
17012,17,哲學系,34
17022,17,中國文學系,"3,81"
17032,17,史學系,96
17042,17,日本語文學系,"85,81"
17052,17,韓國語文學系,"193,81"
17062,17,歐美語文學系,81
17072,17,全球商務學士學位學程,52
17082,17,應用數學系,76
17092,17,光電物理學系,"112,15"
17102,17,化學系,28
17112,17,地理學系,46
17122,17,大氣與地質科學系,"45,50"
17132,17,生命科學系,120
17142,17,法律學系,102
17152,17,政治學系,72
17162,17,經濟學系,134
17172,17,勞動暨人力資源學系,"26,7"
17182,17,社會福利學系,137
17192,17,行政管理學系,130
17202,17,園藝暨生物技術學系,"120,39,123"
17212,17,動物科學系,24
17222,17,森林暨自然保育學系,91
17232,17,土地資源學系,41
17242,17,生活應用科學系,"112,28,51"
17252,17,保健營養學系,108
17262,17,化學工程與材料工程學系,"28,29,90"
17272,17,電機工程學系,190
17282,17,機械工程學系,94
17292,17,紡織科技創新與應用工程學系,23
17302,17,資訊工程學系,170
17312,17,國際貿易學系,166
17322,17,國際企業管理學系,"130,9,36"
17332,17,會計學系,89
17342,17,觀光事業學系,"130,157"
17352,17,資訊管理學系(智慧商務科技組),"130,168"
17362,17,資訊管理學系(人工智慧組),"130,168,6"
17372,17,財務金融學系金融行銷組,"152,164,186"
17382,17,財務金融學系財務金融組,"164,186"
17392,17,財務金融學系數位金融組,"164,186"
17402,17,行銷學士學位學程,"52,152"
17412,17,新聞學系,84
17422,17,廣告學系,62
17432,17,資訊傳播學系,14
17442,17,大眾傳播學系,14
17452,17,都市計劃與開發管理學系,"180,130"
17462,17,建築及都市設計學系,"158,63"
17472,17,景觀學系,88
17482,17,教育與學習科技學系,75
17492,17,心理輔導學系,161
17502,17,戲劇學系,69
17512,17,中國戲劇學系,69
17522,17,音樂學系(西樂A組),194
17532,17,音樂學系(西樂B組),194
17542,17,音樂學系(國樂組),194
17552,17,美術學系,135
18012,18,英國語文學系,81
18022,18,西班牙語文學系,"154,81"
18032,18,日本語文學系,"85,81"
18042,18,中國文學系,"3,81"
18052,18,社會工作與兒童少年福利學系,"16,127"
18062,18,台灣文學系,"81,32"
18072,18,法律學系,102
18082,18,生態人文學系,81
18092,18,大眾傳播學系,14
18102,18,財務工程學系,163
18112,18,應用化學系,28
18122,18,食品營養學系,"196,108"
18132,18,化粧品科學系,196
18142,18,資料科學暨大數據分析與應用學系,"167,49"
18152,18,永續環境與智慧科技學士學位學程,"117,52"
18162,18,行銷與數位經營管理學系,"130,152"
18172,18,國際企業學系,36
18182,18,會計學系,89
18192,18,觀光事業學系,"130,157"
18202,18,財務金融學系,"164,186"
18212,18,資訊管理學系(人工智慧應用組),"130,168,6"
18222,18,資訊管理學系(智慧商務與大數據應用組),"130,168,49"
18232,18,資訊管理學系(APCS組),"130,168"
18242,18,資訊管理學系(資安組),"130,168,169"
18252,18,資訊工程學系,170
18262,18,資訊工程學系(APCS組),170
18272,18,資訊工程學系(資安組),"170,169"
18282,18,人工智慧應用學系,6
18292,18,人工智慧應用學系(APCS組),6
18302,18,人工智慧應用學系(資安組),"6,169"
18312,18,晶片設計學士學位學程,"52,158"
18322,18,寰宇管理學士學位學程,"52,130"
18332,18,寰宇外語教育學士學位學程,"52,74"
18342,18,智慧媒體與創新科技應用學士學位學程,"52,23"
19012,19,機械與材料工程學系,"94,90"
19022,19,化學工程與生物科技學系,"28,120,29,123"
19032,19,工程學院學士班,52
19042,19,電機工程學系,190
19052,19,資訊工程學系,170
19062,19,事業與資訊經營學系,130
19072,19,應用外語學系,47
19082,19,工業設計學系,"158,58"
19092,19,數位媒體設計學系互動媒體設計組,"48,158"
19102,19,數位媒體設計學系數位遊戲設計組,"48,177,158"
19112,19,電機工程學系(青年儲蓄帳戶組),"192,190"
20012,20,中國文學系,"3,81"
20022,20,歷史學系,96
20032,20,哲學系,34
20042,20,人文與社區創新學士學位學程,"52,23"
20052,20,景觀設計學系,"158,88"
20062,20,景觀設計學系(青年儲蓄帳戶組),"192,158,88"
20072,20,影像傳播學系,14
20082,20,新聞傳播學系,"14,84"
20092,20,廣告傳播學系,"14,62"
20102,20,圖書資訊學系,40
20112,20,教育領導與科技發展學士學位學程,52
20122,20,護理學系,162
20132,20,公共衛生學系,21
20142,20,公共衛生學系(青年儲蓄帳戶組),"192,21"
20152,20,醫學系,182
20162,20,醫學系(公費生),182
20172,20,臨床心理學系,68
20182,20,職能治療學系,138
20192,20,呼吸治療學系,33
20202,20,數學系資訊數學組,76
20212,20,數學系應用數學組,76
20222,20,化學系,28
20232,20,資訊工程學系,170
20242,20,資訊工程學系(APCS組),170
20252,20,生命科學系,120
20262,20,生命科學系(青年儲蓄帳戶組),"192,120"
20272,20,物理學系電子物理組,"112,189"
20282,20,物理學系光電物理組,"112,15"
20292,20,電機工程學系,190
20302,20,電機工程學系(APCS組),190
20312,20,醫學資訊與創新應用學士學位學程,"185,52,23"
20322,20,醫學資訊與創新應用學士學位學程(資安組),"185,52,23,169"
20332,20,人工智慧與資訊安全學士學位學程,"52,6,169"
20342,20,人工智慧與資訊安全學士學位學程(資安組),"52,6,169"
20352,20,英國語文學系,81
20362,20,法國語文學系,"103,81"
20372,20,西班牙語文學系,"154,81"
20382,20,日本語文學系,"85,81"
20392,20,義大利語文學系,81
20402,20,德語語文學系,"67,81"
20412,20,國際溝通與科技創新學士學位學程,"52,23"
20422,20,織品服裝學系織品設計組,"158,87"
20432,20,織品服裝學系服飾設計組,"158,87"
20442,20,織品服裝學系織品服飾行銷組,"87,152"
20452,20,餐旅管理學系,"130,197"
20462,20,兒童與家庭學系,16
20472,20,食品科學系,196
20482,20,營養科學系,108
20492,20,法律學系,102
20502,20,財經法律學系,102
20512,20,企業管理學系,"130,9"
20522,20,會計學系,89
20532,20,資訊管理學系,"130,168"
20542,20,資訊管理學系(APCS組),"130,168"
20552,20,統計資訊學系,133
20562,20,金融與國際企業學系,"36,186"
20572,20,社會學系,126
20582,20,社會工作學系,127
20592,20,經濟學系,134
20602,20,宗教學系,53
20612,20,心理學系,68
20622,20,天主教研修學士學位學程,52
20632,20,音樂學系應用音樂組,194
20642,20,音樂學系器樂組,194
20652,20,音樂學系爵士音樂組,194
20662,20,應用美術學系,135
20672,20,體育學系體育學組,198
20682,20,體育學系運動健康管理組,"130,198,13"
21012,21,商船學系,146
21022,21,航運管理學系,"146,130,179"
21032,21,運輸科學系A組,5
21042,21,運輸科學系B組,5
21052,21,輪機工程學系,190
21062,21,食品科學系,196
21072,21,水產養殖學系,101
21082,21,生命科學暨生物科技學系,"120,123"
21092,21,系統工程暨造船學系,132
21102,21,河海工程學系,99
21112,21,機械與機電工程學系,"95,94"
21122,21,海洋環境資訊系,117
21132,21,環境生物與漁業科學學系,"117,120,101"
21142,21,電機工程學系,190
21152,21,電機工程學系(青年儲蓄帳戶組),"192,190"
21162,21,資訊工程學系,170
21172,21,資訊工程學系(APCS組),170
21182,21,資訊工程學系(資安組),"170,169"
21192,21,通訊與導航工程學系,176
21202,21,光電與材料科技學系,"15,90"
21212,21,海洋觀光管理學士學位學程,"52,130,157"
21222,21,海洋觀光管理學士學位學程(青年儲蓄帳戶組),"192,52,130,157"
21232,21,海洋法政學士學位學程,52
21242,21,海洋法政學士學位學程(青年儲蓄帳戶組),"192,52"
21252,21,海洋文創設計產業學士學位學程,"52,158"
21262,21,海洋經營管理學士學位學程,"130,52"
21272,21,海洋工程科技學士學位學程,"52,147"
21282,21,海洋生物科技學士學位學程,"52,120,123"
22012,22,國文學系,"3,81"
22022,22,英語學系,148
22032,22,地理學系,46
22042,22,數學系數學組,76
22052,22,數學系應用數學組,76
22062,22,化學系,28
22072,22,物理學系,112
22082,22,生物科技系,"120,123"
22092,22,教育學系,74
22102,22,特殊教育學系,"74,114"
22112,22,事業經營學系,130
22122,22,工業科技教育學系科技教育與訓練組,74
22132,22,工業科技教育學系能源與冷凍空調組,"74,140"
22142,22,工業設計學系(A組),"158,58"
22152,22,工業設計學系(B組),"158,58"
22162,22,電機工程學系,190
22172,22,電子工程學系,189
22182,22,軟體工程與管理學系,"130,173"
22192,22,軟體工程與管理學系(APCS組),"130,173"
22202,22,軟體工程與管理學系(資安組),"130,169,173"
22212,22,音樂學系,194
22222,22,美術學系,135
22232,22,視覺設計學系,"158,156"
22242,22,體育學系,198
23012,23,輔導與諮商學系學校輔導與諮商組,"161,35"
23022,23,輔導與諮商學系社區輔導與諮商組,"161,35"
23032,23,特殊教育學系,"74,114"
23042,23,數學系,76
23052,23,物理學系物理組,112
23062,23,物理學系光電組,"112,15"
23072,23,生物學系,120
23082,23,化學系,28
23092,23,英語學系,148
23102,23,國文學系,"3,81"
23112,23,地理學系,46
23122,23,機電工程學系,95
23132,23,電機工程學系,190
23142,23,電子工程學系,189
23152,23,資訊工程學系,170
23162,23,資訊工程學系(APCS組),170
23172,23,資訊工程學系(公費生),170
23182,23,企業管理學系,"130,9"
23192,23,會計學系,89
23202,23,資訊管理學系資訊管理組,"130,168"
23212,23,資訊管理學系數位內容科技與管理組,"48,130,168"
23222,23,公共事務與公民教育學系公民教育組,"19,74"
23232,23,公共事務與公民教育學系公共事務組,"19,74"
23242,23,揚鷹招生A組(教社),70
23252,23,揚鷹招生B組(文),70
23262,23,揚鷹招生C組(管理),"70,130"
23272,23,揚鷹招生D組(理),70
23282,23,揚鷹招生E組(工),70
23292,23,美術學系,135
23302,23,美術學系(公費生),135
23312,23,運動學系(競技運動與表演藝術組),"153,178,129"
23322,23,運動學系(運動健康組),178
26012,26,醫學系,182
26022,26,牙醫學系,"182,109"
26032,26,物理治療學系,"112,113"
26042,26,職能治療學系,138
26052,26,語言治療與聽力學系語言治療組,"160,139"
26062,26,語言治療與聽力學系聽力組,"160,139"
26072,26,生物醫學科學學系,182
26082,26,視光學系,155
26092,26,醫學影像暨放射科學系,"182,183"
26102,26,心理學系,68
26112,26,營養學系(A組),108
26122,26,營養學系(B組),108
26132,26,職業安全衛生學系,137
26142,26,醫學應用化學系(A組),"28,182"
26152,26,醫學應用化學系(B組),"28,182"
26162,26,健康產業科技管理學系,"12,130"
26172,26,護理學系,162
26182,26,醫學檢驗暨生物技術學系,"120,123,184"
26192,26,應用外國語言學系,159
26202,26,公共衛生學系(A組),21
26212,26,公共衛生學系(B組),21
26222,26,醫學社會暨社會工作學系,"127,182"
26232,26,醫學資訊學系,185
26242,26,醫學資訊學系(APCS組),185
26252,26,醫療產業科技管理學系,130
27012,27,中國文學系,"3,81"
27022,27,外國語文學系,"47,81"
27032,27,劇場藝術學系,69
27042,27,生物科學系,120
27052,27,生物科學系英語組,"148,120"
27062,27,化學系,28
27072,27,化學系英語組,"148,28"
27082,27,物理學系,112
27092,27,物理學系量子科技組(全英),"17,112"
27102,27,應用數學系,76
27112,27,應用數學系英語組,"148,76"
27122,27,電機工程學系,190
27132,27,電機工程學系全英語組,"17,148,190"
27142,27,電機工程學系(APCS組),190
27152,27,機械與機電工程學系,"95,94"
27162,27,機械與機電工程學系全英語組,"95,17,148,94"
27172,27,資訊工程學系,170
27182,27,資訊工程學系全英語學士班,"52,17,148,170"
27192,27,光電工程學系,15
27202,27,光電工程學系全英語組,"17,148,15"
27212,27,材料與光電科學學系,"15,90"
27222,27,材料與光電科學學系全英語組,"17,148,15,90"
27232,27,企業管理學系,"130,9"
27242,27,資訊管理學系,"130,168"
27252,27,財務管理學系,130
27262,27,國際經營管理全英語學士學位學程,"130,52,17,148"
27272,27,海洋生物科技暨資源學系,"120,123"
27282,27,海洋環境及工程學系,"117,105"
27292,27,海洋科學系,104
27302,27,政治經濟學系,134
27312,27,社會學系,126
27322,27,人文暨科技跨領域學士學位學程,"52,172"
27332,27,生物醫學科技學系全英語學士班生物醫學組,"52,17,148,182"
27342,27,生物醫學科技學系全英語學士班生醫工程組,"52,17,148,125,182"
27352,27,護理學系,162
27362,27,西灣南星A組(文),70
27372,27,西灣南星B組(管),70
27382,27,西灣南星C組(理),70
27392,27,西灣南星D組(工),70
27402,27,西灣南星E組(海),70
27412,27,西灣南星F組(社),70
27422,27,西灣南星G組(西灣),70
27432,27,西灣南星H組(醫),70
27442,27,音樂學系,194
27452,27,音樂學系創作與應用組,194
28012,28,音樂與影像跨域學士學位學程,"52,172,194"
28022,28,劇場設計學系,158
28032,28,新媒體藝術學系,83
30012,30,醫學系,182
30022,30,醫學系(公費生),182
30032,30,中醫學系,"182,4"
30042,30,護理學系,162
30052,30,醫學生物技術暨檢驗學系,"120,123,182"
30062,30,醫學影像暨放射科學系,"182,183"
30072,30,物理治療學系,"112,113"
30082,30,職能治療學系,138
30092,30,生物醫學系,182
30102,30,呼吸治療學系,33
30112,30,電機工程學系,190
30122,30,機械工程學系,94
30132,30,化工與材料工程學系(化學工程組),"28,29,90"
30142,30,化工與材料工程學系(材料工程組),"29,90"
30152,30,電子工程學系,189
30162,30,資訊工程學系,170
30172,30,生物醫學工程學系,125
30182,30,生物醫學工程學系(國際雙聯學位組),125
30192,30,人工智慧學系,6
30202,30,醫務管理學系,"130,13"
30212,30,工商管理學系,"130,56"
30222,30,工業設計學系,"158,58"
30232,30,工業設計學系(青年儲蓄帳戶組),"192,158,58"
30242,30,資訊管理學系,"130,168"
30252,30,資訊管理學系(資安組),"130,168,169"
30262,30,數位金融科技學系(甲組),186
30272,30,數位金融科技學系(乙組),186
31012,31,全校不分系學士學位學程,"1,52"
31022,31,教育學系,74
31032,31,特殊教育學系,"74,114"
31042,31,幼兒教育學系,"74,60"
31052,31,柳川招生組,70
31062,31,體育學系非運動專長組,198
31072,31,語文教育學系,74
31082,31,區域與社會發展學系,128
31092,31,諮商與應用心理學系,"68,161"
31102,31,諮商與應用心理學系(公費生),"68,161"
31112,31,臺灣語文學系,81
31122,31,英語學系,148
31132,31,數學教育學系,"74,76"
31142,31,科學教育與應用學系,69
31152,31,資訊工程學系,170
31162,31,資訊工程學系(資安組),"170,169"
31172,31,數位內容科技學系,48
31182,31,國際企業學系,36
31192,31,文化創意產業設計與營運學系,"158,77"
31202,31,音樂學系,194
31212,31,美術學系,135
31222,31,美術學系(公費生),135
31232,31,體育學系運動專長組,198
32012,32,教育學系,74
32022,32,教育學系（芝山組）,74
32032,32,教育經營與管理學系,130
32042,32,教育經營與管理學系（芝山組）,130
32052,32,幼兒與家庭教育學系,74
32062,32,幼兒與家庭教育學系（芝山組）,74
32072,32,特殊教育學系,"74,114"
32082,32,特殊教育學系（芝山組）,"74,114"
32092,32,心理與諮商學系,"161,35"
32102,32,心理與諮商學系（芝山組）,"161,35"
32112,32,心理與諮商學系（公費生）,"161,35"
32122,32,社會與區域發展學系,128
32132,32,兒童英語教育學系,"16,148,74"
32142,32,兒童英語教育學系（公費生）,"16,148,74"
32152,32,語文與創作學系語文師資組,81
32162,32,語文與創作學系文學創作組,81
32172,32,文化創意產業經營學系,"130,77"
32182,32,文化創意產業經營學系（青年儲蓄帳戶組）,"130,192,77"
32192,32,數學暨資訊教育學系數學組,"74,76"
32202,32,數學暨資訊教育學系人工智慧與資訊教育組,"74,76,6"
32212,32,數學暨資訊教育學系人工智慧與資訊教育組 (APCS組),"74,76,6"
32222,32,數學暨資訊教育學系人工智慧與資訊教育組(公費生),"74,76,6"
32232,32,自然科學教育學系,74
32242,32,自然科學教育學系（芝山組）,74
32252,32,資訊科學系,171
32262,32,數位科技設計學系,158
32272,32,數位科技設計學系（APCS組）,158
32282,32,藝術與造形設計學系設計組,158
32292,32,藝術與造形設計學系藝術組,158
32302,32,體育學系,198
32312,32,體育學系（雙語教學組）,198
32322,32,體育學系（公費生）,198
33012,33,教育學系,74
33022,33,諮商與輔導學系,161
33032,33,特殊教育學系,"74,114"
33042,33,特殊教育學系(青年儲蓄帳戶組),"192,74,114"
33052,33,幼兒教育學系,"74,60"
33062,33,文化與自然資源學系,142
33072,33,國語文學系,81
33082,33,英語學系,148
33092,33,應用數學系,76
33102,33,數位學習科技學系,75
33112,33,數位學習科技學系(資安組),"75,169"
33122,33,材料科學系,90
33132,33,資訊工程學系,170
33142,33,資訊工程學系(APCS組),170
33152,33,資訊工程學系(資安組),"170,169"
33162,33,電機工程學系,190
33172,33,綠色能源科技學系,140
33182,33,生物科技學系,"120,123"
33192,33,生態暨環境資源學系,117
33202,33,戲劇創作與應用學系,69
33212,33,行政管理學系,130
33222,33,經營與管理學系,130
33232,33,音樂學系(A組),194
33242,33,音樂學系(B組),194
33252,33,視覺藝術與設計學系,158
33262,33,體育學系,198
34012,34,應用數學系數學科學組,76
34022,34,應用數學系統計科學組,"76,133"
34032,34,物理學系物理組,112
34042,34,物理學系奈米與光電科學組,"112,15,51"
34052,34,化學系,28
34062,34,生化暨分子醫學科學系,182
34072,34,資訊工程學系資工組,170
34082,34,資訊工程學系資工組(APCS組),170
34092,34,資訊工程學系資工組(資安組),"170,169"
34102,34,資訊工程學系國際組,170
34112,34,資訊工程學系國際組(資安組),"170,169"
34122,34,電機工程學系智慧系統組,190
34132,34,電機工程學系半導體工程組,"190,31"
34142,34,材料科學與工程學系,90
34152,34,光電工程學系,15
34162,34,理工學院大數據科學國際學士班,"52,17,167,49"
34172,34,企業管理學系管理科學組,"130,9"
34182,34,企業管理學系經營管理組,"130,9"
34192,34,會計學系,89
34202,34,資訊管理學系人工智慧與大數據組,"130,168,49,6"
34212,34,資訊管理學系智慧商務與知識管理組,"130,168"
34222,34,資訊管理學系(資安組),"130,168,169"
34232,34,國際企業學系,36
34242,34,財務金融學系,"164,186"
34252,34,觀光暨休閒遊憩學系,"157,10"
34262,34,管理學院管理科學與財金國際學士學位學程,"52,130,164"
34272,34,管理學院會計與資訊管理國際學士班智慧會計與風險管理組,"52,17,130,89,195,168"
34282,34,管理學院會計與資訊管理國際學士班會計資訊與電腦稽核組,"52,17,130,89,168"
34292,34,管理學院數位行銷與服務創新國際學士班,"52,17,130,152,23"
34302,34,華文文學系,81
34312,34,中國語文學系,81
34322,34,英美語文學系,81
34332,34,臺灣文化學系,"78,28"
34342,34,歷史學系,96
34352,34,經濟學系,134
34362,34,諮商與臨床心理學系,"68,161"
34372,34,社會學系,126
34382,34,公共行政學系,20
34392,34,法律學系,102
34402,34,教育與潛能開發學系,74
34412,34,教育行政與管理學系,130
34422,34,特殊教育學系,"74,114"
34432,34,幼兒教育學系,"74,60"
34442,34,族群關係與文化學系,"98,78,128,28"
34452,34,民族語言與傳播學系,14
34462,34,民族發展與社會工作學系民族發展組,127
34472,34,民族發展與社會工作學系社會工作組,127
34482,34,原住民族樂舞與藝術學士學位學程,52
34492,34,自然資源與環境學系,"117,142"
34502,34,縱谷跨域書院學士學位學程,"52,172"
34512,34,音樂學系,194
34522,34,藝術與設計學系,158
34532,34,藝術創意產業學系,77
34542,34,體育與運動科學系,"198,178"
35012,35,教育學系,74
35022,35,特殊教育學系,"74,114"
35032,35,幼兒教育學系,"74,60"
35042,35,心理與諮商學系,"161,35"
35052,35,學習與媒材設計學系,158
35062,35,中國語文學系,81
35072,35,英語教學系,148
35082,35,社會暨公共事務學系,19
35092,35,歷史與地理學系,"96,46"
35102,35,地球環境暨生物資源學系,"117,120,124"
35112,35,應用物理暨化學系電子物理組,"112,28,189"
35122,35,應用物理暨化學系應用化學組,"112,28"
35132,35,數學系,76
35142,35,資訊科學系,171
35152,35,資訊科學系(APCS組),171
35162,35,資訊科學系(資安組),"171,169"
35172,35,城市發展學系,128
35182,35,行銷與管理學系,"130,152"
35192,35,衛生福利學系,137
35202,35,音樂學系,194
35212,35,視覺藝術學系,"135,48,158"
35222,35,體育學系,198
35232,35,休閒運動管理學系,"130,10"
35242,35,運動健康科學系,"192,130,13"
36012,36,教育學系,74
36022,36,幼兒教育學系,"74,60"
36032,36,特殊教育學系,"74,114"
36042,36,教育心理與輔導學系,161
36052,36,教育心理與輔導學系(公費生),161
36062,36,中國語文學系,81
36072,36,文化創意產業學系,77
36082,36,社會發展學系,128
36092,36,英語學系,148
36102,36,應用英語學系,148
36112,36,應用日語學系,85
36122,36,商業大數據學系,49
36132,36,行銷與流通管理學系,"130,152"
36142,36,企業管理學系,"130,9"
36152,36,財務金融學系,"164,186"
36162,36,休閒事業經營學系,"130,10"
36172,36,不動產經營學系,"130,2"
36182,36,國際經營與貿易學系,"130,166"
36192,36,會計學系,89
36202,36,應用化學系,28
36212,36,應用數學系,76
36222,36,應用物理系半導體組,"112,31"
36232,36,應用物理系光電暨材料組,"112,15,90"
36242,36,科學傳播學系,14
36252,36,電腦科學與人工智慧學系,"170,6"
36262,36,電腦科學與人工智慧學系(資安組),"170,6,169"
36272,36,智慧機器人學系,93
36282,36,資訊工程學系,170
36292,36,電腦與通訊學系,176
36302,36,資訊管理學系,"130,168"
36312,36,音樂學系A組,194
36322,36,音樂學系B組,194
36332,36,視覺藝術學系美術組,135
36342,36,視覺藝術學系數位媒體設計組,"48,158"
36352,36,體育學系,198
38012,38,全校不分系學士學位學程,"1,52"
38022,38,教育學系,74
38032,38,幼兒教育學系,"74,60"
38042,38,特殊教育學系,"74,114"
38052,38,文化資源與休閒產業學系,"79,10"
38062,38,數位媒體與文教產業學系,"48,82"
38072,38,公共與文化事務學系,19
38082,38,身心整合與運動休閒產業學系,10
38092,38,英美語文學系,81
38102,38,華語文學系,"149,81"
38112,38,生命科學系,120
38122,38,資訊工程學系,170
38132,38,資訊管理學系,"130,168"
38142,38,應用數學系,76
38152,38,應用科學系化學及奈米科學組,"28,51"
38162,38,應用科學系應用物理組,112
38172,38,綠能與資訊科技學系,140
38182,38,音樂學系(A組),194
38192,38,音樂學系(B組),194
38202,38,美術產業學系,135
38212,38,體育學系,198
39012,39,體育推廣學系(青年儲蓄帳戶組),"192,198"
39022,39,休閒產業經營學系,"130,10"
39032,39,運動保健學系(一般組),"198,3,81"
39042,39,運動保健學系(體育術科組),198
39052,39,體育推廣學系(一般組),198
39062,39,體育推廣學系(拔河組),198
39072,39,體育推廣學系(女子啦啦舞組),198
39082,39,適應體育學系,198
40012,40,護理學系,162
40022,40,管理學院學士班(主修：數位行銷與人力資源),"52,7,130,152"
40032,40,管理學院學士班(主修：財務金融),"52,130,164,186"
40042,40,管理學院學士班(主修：國際企業管理),"52,130,9,36"
40052,40,管理學院學士班(主修：會計),"52,130,89"
40062,40,管理學院學士班(英語專班),"52,148,130"
40072,40,應用外語學系,47
40082,40,中國語文學系,81
40092,40,社會暨政策科學學系,73
40102,40,人文社會學院英語學士班,"52,17,148,126"
40112,40,資訊管理學系,"130,168"
40122,40,資訊管理學系(資安組),"130,168,169"
40132,40,資訊傳播學系(智慧科技應用組),14
40142,40,資訊傳播學系(數位媒體設計-創作組),"48,14,158"
40152,40,資訊工程學系,170
40162,40,資訊工程學系(資安組),"170,169"
40172,40,資訊工程學系(APCS組),170
40182,40,資訊學院英語學士班,"52,17,148"
40192,40,機械工程學系,94
40202,40,化學工程與材料科學學系,"28,29,90"
40212,40,工業工程與管理學系,"130,57"
40222,40,工程學院英語學士班,"52,17,148"
40232,40,電機工程學系(甲組),190
40242,40,電機工程學系(甲組)(APCS組),190
40252,40,電機工程學系(乙組),190
40262,40,電機工程學系(丙組),190
40272,40,電機通訊學院英語學士班,"52,17,148,176,190"
40282,40,藝術與設計學系,158
40292,40,資訊傳播學系(數位媒體設計-美術組),"48,135,14,158"
41012,41,中國文學系,"3,81"
41022,41,外國語文學系,"47,81"
41032,41,歷史學系,96
41042,41,哲學系,34
41052,41,數學系,76
41062,41,地球與環境科學系,119
41072,41,物理學系,112
41082,41,化學暨生物化學系,"28,120,121"
41092,41,生物醫學科學系,182
41102,41,社會福利學系,137
41112,41,心理學系,68
41122,41,勞工關係學系,26
41132,41,政治學系,72
41142,41,傳播學系,14
41152,41,資訊工程學系,170
41162,41,電機工程學系,190
41172,41,機械工程學系機械工程組,94
41182,41,機械工程學系光機電整合工程組,"95,94"
41192,41,機械工程國際學士學位學程,"52,94"
41202,41,化學工程學系,"28,29"
41212,41,通訊工程學系,176
41222,41,經濟學系,134
41232,41,財務金融學系,"164,186"
41242,41,企業管理學系,"130,9"
41252,41,會計與資訊科技學系,89
41262,41,資訊管理學系,"130,168"
41272,41,資訊管理學系(APCS組),"130,168"
41282,41,法律學系法學組,102
41292,41,法律學系法制組,102
41302,41,財經法律學系,102
41312,41,成人及繼續教育學系,74
41322,41,犯罪防治學系,115
41332,41,紫荊不分系學士學位學程,"1,52"
41342,41,嘉星招生甲組(工),70
41352,41,嘉星招生乙組(管),70
41362,41,嘉星招生丙組(法),70
41372,41,嘉星招生丁組(文),70
41382,41,嘉星招生戊組(理),70
41392,41,嘉星招生己組(社),70
41402,41,嘉星招生庚組(教),70
41412,41,嘉星招生辛組(心),70
42012,42,機械與自動化工程學系(車輛科技與綠色能源組),"94,29,141,140"
42022,42,機械與自動化工程學系(機電整合與自動化組),"95,94,29,141"
42032,42,電機工程學系(半導體與光電組),"190,15,31"
42042,42,電機工程學系(智慧系統組),190
42052,42,電機工程學系(APCS組),190
42062,42,半導體學士學位學程(半導體設備組),"52,31"
42072,42,半導體學士學位學程(半導體製程組),"52,31"
42082,42,資訊工程學系(資訊工程組),170
42092,42,資訊工程學系(人工智慧組),"170,6"
42102,42,資訊工程學系(APCS組),170
42112,42,環境與安全工程學系(永續環境組),117
42122,42,環境與安全工程學系(安全科技組),117
42132,42,企業管理學系,"130,9"
42142,42,會計與資訊管理學系(人工智慧科技管理組),"130,89,168,6"
42152,42,會計與資訊管理學系(會計暨投資理財組),"130,89,168"
42162,42,財務金融學系(銀行專業組),"164,186"
42172,42,財務金融學系(智慧投資組),"164,186"
42182,42,財務金融學系(公司財務組),"164,186"
42192,42,應用日語學系(AI商務應用組),"85,6"
42202,42,應用日語學系(觀光旅遊組),"85,157"
42212,42,生物醫學系(生物醫藥組),182
42222,42,生物醫學系(檢驗醫學組),182
42232,42,藥用植物與食品保健學系(藥粧保健組),196
42242,42,藥用植物與食品保健學系(食藥生技組),"196,123"
42252,42,觀光休閒學系,"157,10"
42262,42,餐旅管理學系,"130,197"
42272,42,烘焙暨飲料調製學士學位學程,52
42282,42,護理學系,162
42292,42,視光學系(國際組),155
42302,42,視光學系(臨床組),155
42312,42,醫學工程學系,125
42322,42,醫學工程學系(智慧醫療組),125
42332,42,職能治療學系(A組),138
42342,42,職能治療學系(B組),138
42352,42,設計學系,158
42362,42,造形藝術學系(工藝文創組),135
42372,42,造形藝術學系(藝術創作組),135
42382,42,多媒體數位內容學士學位學程(動畫與影視特效組),"52,65,25,48"
42392,42,多媒體數位內容學士學位學程(遊戲與人工智慧應用組),"52,48,6"
42402,42,多媒體數位內容學士學位學程(動漫美術與模型製作組),"52,135,48"
42412,42,多媒體數位內容學士學位學程(漫畫創作組),"52,48"
42422,42,空間設計學系建築組,"158,63"
42432,42,空間設計學系室內設計組,"158,54"
42442,42,運動健康管理學系,"130,13"
43012,43,電機工程學系,190
43022,43,資訊工程學系(資訊工程組),170
43032,43,資訊工程學系(資訊應用組),170
43042,43,資訊工程學系(人工智慧組),"170,6"
43052,43,光電與材料工程學系（人工智慧應用組）,"6,15,90"
43062,43,光電與材料工程學系（生醫光電組）,"15,90"
43072,43,光電與材料工程學系（半導體組）,"15,31,90"
43082,43,工業管理學系（半導體產業組）,"130,31"
43092,43,工業管理學系（人工智慧應用組）,"130,6"
43102,43,資訊管理學系（資訊系統設計組）,"158,130,168"
43112,43,資訊管理學系(智慧商務與資訊管理應用組),"130,168"
43122,43,資訊管理學系（人工智慧與大數據應用組）,"130,168,49,6"
43132,43,企業管理學系企業管理組,"130,9"
43142,43,企業管理學系智慧運輸與物流組,"130,9,111"
43152,43,企業管理學系財務管理組,"130,9"
43162,43,建築與都市計畫學系（第一類組）,"63,180"
43172,43,建築與都市計畫學系（第二類組）,"63,180"
43182,43,土木工程學系,43
43192,43,應用日語學系（商務觀光組）,"85,157"
43202,43,應用日語學系（翻譯實務組）,"85,136"
43212,43,應用外語暨智慧商務學士學位學程,"47,52"
43222,43,觀光學院學士班(餐旅烘焙組),"52,157,197"
43232,43,觀光學院學士班(觀光會展組),"52,157"
43242,43,觀光學院學士班(航空旅遊組),"52,157"
43252,43,英國西英格蘭大學企業管理雙學士學位學程,"52,130,9"
43262,43,中華大學美國舊金山州立大學資訊管理與決策科學學士學位學程,"52,130,168"
43272,43,加州大學爾灣分校資訊管理與資料科學學士學位學程,"52,130,168,167"
43282,43,國際觀光與酒店管理雙學士學位學程,"52,130,157"
44012,44,智慧生活科技學系大數據與管理組,"130,49"
44022,44,智慧生活科技學系智慧產品開發組,"130,49"
44032,44,智慧生活設計學系空間設計組,158
44042,44,智慧生活設計學系空間設計組(青年儲蓄帳戶組),"192,158"
44052,44,智慧生活設計學系創意產品與汽車設計組,158
44062,44,攝影與VR設計學系攝影與科技藝術組,158
44072,44,攝影與VR設計學系VR與互動媒體組,158
44082,44,佛教藝術學系佛學組,53
44092,44,佛教藝術學系藝術組,53
44102,44,美術與文創學系文創設計組,"135,158"
44112,44,美術與文創學系美術創作組,135
45012,45,電機工程學系,190
45022,45,電子工程學系,189
45032,45,資訊工程學系資訊工程組,170
45042,45,資訊工程學系資訊應用組,170
45052,45,資訊工程學系(APCS組),170
45062,45,資訊工程學系(資安組),"170,169"
45072,45,機械與自動化工程學系,"94,29,141"
45082,45,化學工程學系,"28,29"
45092,45,土木工程學系,43
45102,45,材料科學與工程學系,90
45112,45,生物醫學工程學系,125
45122,45,智慧科技英語學士學位學程,"52,148"
45132,45,半導體學士學位學程,"52,31"
45142,45,資訊管理學系,"130,168"
45152,45,企業管理學系,"130,9"
45162,45,財務金融管理學系,"130,164,186"
45172,45,會計學系,89
45182,45,國際商務學系,37
45192,45,醫務管理學系,"130,13"
45202,45,餐旅管理學系,"130,197"
45212,45,廚藝暨美食學學系,61
45222,45,國際企業經營英語學士學位學程(國際學院),"130,52,148,36"
45232,45,財務與商業分析英語學士學位學程(國際學院),"52,148"
45242,45,智慧觀光餐旅管理英語學士學位學程(國際學院),"52,148,130,157,197"
45252,45,國際傳媒與娛樂管理英語學士學位學程(國際學院),"52,148,130"
45262,45,應用日語學系,85
45272,45,大眾傳播學系,14
45282,45,電影與電視學系,65
45292,45,視覺藝術與設計學系,158
45302,45,醫學科學與生物科技學系醫藥組,"120,123,182"
45312,45,醫學科學與生物科技學系生技組,"120,123,182"
45322,45,營養學系,108
45332,45,護理學系,162
45342,45,醫學影像暨放射科學系,"182,183"
45352,45,物理治療學系,"112,113"
45362,45,職能治療學系,138
45372,45,醫學檢驗技術學系,184
45382,45,醫學系(公費生),182
46012,46,企業管理學系品牌行銷組（臺北校區）,"130,9,152"
46022,46,企業管理學系企業管理組（臺北校區）,"130,9"
46032,46,企業管理學系數位經營組（臺北校區）,"130,9"
46042,46,會計學系會計審計組（臺北校區）,89
46052,46,會計學系稅務規劃組（臺北校區）,"165,89"
46062,46,財務金融學系（臺北校區）,"164,186"
46072,46,資訊應用與金融保險學系金融組（臺北校區）,"170,186,11"
46082,46,資訊應用與金融保險學系資訊組（臺北校區）,"170,186,11"
46092,46,國際企業學系跨境電商經營組（臺北校區）,"130,36,188"
46102,46,國際企業學系外貿行銷管理組（臺北校區）,"130,36,152"
46112,46,新媒體暨傳播管理學系（臺北校區）,"83,14,130"
46122,46,廣播電視學系（臺北校區）,65
46132,46,廣告暨策略行銷學系（臺北校區）,"62,152"
46142,46,影音新聞暨社群傳播學系（臺北校區）,"14,84"
46152,46,法律學系（臺北校區）,102
46162,46,財金法律學系（臺北校區）,"102,164"
46172,46,國際企業與貿易學士學位學程（全英語授課．臺北校區）,"52,17,148,36,166"
46182,46,新聞與大眾傳播學士學位學程（全英語授課．臺北校區）,"52,17,148,14,84"
46192,46,時尚與創新管理學士學位學程（全英語授課．臺北校區）,"52,17,148,87,130,23"
46202,46,國際事務與外交學士學位學程（全英語授課．桃園校區）,"52,17,148,38"
46212,46,資訊科技應用與管理學士學位學程（全英語授課．桃園校區）,"52,17,148,130"
46222,46,應用中文與華語文教學系文教傳播組（桃園校區）,"3,149,14"
46232,46,應用中文與華語文教學系語文創作組（桃園校區）,"3,149"
46242,46,應用英語學系（桃園校區）,148
46252,46,應用日語學系（桃園校區）,85
46262,46,商業設計學系（桃園校區）,158
46272,46,商品設計學系（桃園校區）,158
46282,46,數位媒體設計學系（桃園校區）,"48,158"
46292,46,建築學系（桃園校區）,63
46302,46,都市設計與永續發展學系智慧城市與無人機應用組 （桃園校區）,158
46312,46,都市設計與永續發展學系都市更新與土地開發組 （桃園校區）,"158,41"
46322,46,觀光事業學系（桃園校區）,"130,157"
46332,46,休閒遊憩管理學系（桃園校區）,"130,10"
46342,46,餐旅管理學系（桃園校區）,"130,197"
46352,46,犯罪防治學系（桃園校區）,115
46362,46,公共事務與行政管理學系（桃園校區）,"19,130"
46372,46,諮商臨床與工商心理學系（桃園校區）,"68,161"
46382,46,金融學系（桃園校區）,186
46392,46,金融科技應用學系（桃園校區）,186
46402,46,資訊管理學系人工智慧應用組（桃園校區）,"130,168,6"
46412,46,資訊管理學系巨量資料管理組（桃園校區）,"130,168"
46422,46,資訊管理學系電子商務管理組（桃園校區）,"130,188,168,189"
46432,46,人工智慧應用學系（桃園校區）,6
46442,46,資訊工程學系(桃園校區),170
46452,46,資訊工程學系（APCS組．桃園校區）,170
46462,46,電機工程學系（桃園校區）,190
46472,46,半導體應用學士學位學程（桃園校區）,"52,31"
46482,46,醫療資訊與管理學系健康產業管理組（桃園校區）,"12,185,130"
46492,46,醫療資訊與管理學系醫療資訊組（桃園校區）,"185,130"
46502,46,生物科技學系生物醫學組（桃園校區）,"120,123,182"
46512,46,生物科技學系食品生技組（桃園校區）,"120,196,123"
46522,46,生物醫學工程學系專利醫材法規組（桃園校區）,125
46532,46,生物醫學工程學系人工智慧醫療組（桃園校區）,"6,125"
46542,46,國際企業學系（青年儲蓄帳戶組．臺北校區）,"192,36"
46552,46,影音新聞暨社群傳播學系（青年儲蓄帳戶組．臺北校區）,"192,14,84"
46562,46,應用英語學系（青年儲蓄帳戶組．桃園校區）,"192,148"
47012,47,新聞學系,84
47022,47,廣播電視電影學系廣播與聲音設計組,"65,158"
47032,47,廣播電視電影學系電視組,65
47042,47,廣播電視電影學系電影組,65
47052,47,圖文傳播學系,14
47062,47,公共關係暨廣告學系,"62,22"
47072,47,口語傳播暨社群媒體學系,14
47082,47,資訊傳播學系,14
47092,47,數位多媒體設計學系,"48,158"
47102,47,傳播管理學系,"14,130"
47112,47,資訊管理學系資訊管理組,"130,168"
47122,47,資訊管理學系資訊管理組(資安組),"130,168,169"
47132,47,資訊管理學系人工智慧暨科技傳播組,"14,130,168,6"
47142,47,資訊管理學系人工智慧暨科技傳播組(資安組),"14,130,168,6,169"
47152,47,財務金融學系,"164,186"
47162,47,行政管理學系,130
47172,47,觀光學系餐旅經營管理組,"130,157,197"
47182,47,觀光學系旅遊暨休閒事業管理組,"130,157,10"
47192,47,經濟學系,134
47202,47,企業管理學系,"130,9"
47212,47,社會心理學系,68
47222,47,英語暨傳播應用學系,"148,14"
47232,47,日本語文學系,"85,81"
47242,47,法律學系,102
50012,50,食品營養與保健生技學系(臺北校區),"196,123,108"
50022,50,食品營養與保健生技學系食品創新與科技法律組(臺北校區),"102,23,196,123,108"
50032,50,社會工作學系兒少、家庭與司法組(臺北校區),"127,115"
50042,50,社會工作學系老人、長照與身障組(臺北校區),"127,187,199"
50052,50,社會工作學系心理衛生與醫務組(臺北校區),"127,137"
50062,50,家庭研究與兒童發展學系幼兒教保組(臺北校區),16
50072,50,家庭研究與兒童發展學系家庭教育與輔導組(臺北校區),"16,161"
50082,50,餐飲管理學系廚藝組(臺北校區),"61,130"
50092,50,餐飲管理學系餐旅組(臺北校區),"130,197"
50102,50,法律學系(臺北校區),102
50112,50,服裝設計學系(臺北校區),"158,87"
50122,50,媒體傳達設計學系動畫影像設計組(臺北校區),"25,158"
50132,50,媒體傳達設計學系創意媒體設計組(臺北校區),158
50142,50,工業產品設計學系(臺北校區),158
50152,50,建築設計學系人文藝術組(臺北校區),"158,63"
50162,50,建築設計學系創意科技組(臺北校區),"158,63"
50172,50,建築職人學士學位學程(臺北校區),"52,63"
50182,50,會計學系會計審計組(臺北校區),89
50192,50,會計學系永續會計組(臺北校區),89
50202,50,國際經營與貿易學系國際金融組(臺北校區),"130,186,166"
50212,50,國際經營與貿易學系貿易經營組(臺北校區),"130,166"
50222,50,國際經營與貿易學系跨境行銷組(臺北校區),"130,152,166"
50232,50,國際經營與貿易學系智慧物流組(臺北校區),"130,166,111"
50242,50,企業管理學系企業經營組(臺北校區),"130,9"
50252,50,企業管理學系人工智慧行銷組(臺北校區),"130,9,152,6"
50262,50,企業管理學系綠色永續組(臺北校區),"130,9"
50272,50,企業管理學系創新創業組(臺北校區),"130,9,23"
50282,50,財務金融學系(臺北校區),"164,186"
50292,50,財務金融學系數位行銷設計組(臺北校區),"158,152,164,186"
50302,50,風險管理與保險學系(臺北校區),"130,195,11"
50312,50,應用外語學系(臺北校區),47
50322,50,應用外語學系數位應用組(臺北校區),47
50332,50,資訊科技與管理學系人工智慧與大數據組(臺北校區),"130,49,6"
50342,50,資訊科技與管理學系雲端運算與物聯網組(臺北校區),130
50352,50,資訊科技與管理學系數位媒體設計組(臺北校區),"48,158,130"
50362,50,資訊科技與管理學系(APCS組)(臺北校區),130
50372,50,資訊科技與管理學系(青年儲蓄帳戶組)(臺北校區),"192,130"
50382,50,資訊科技與管理學系(資安組)(臺北校區),"130,169"
50392,50,國際企業英語學士學位學程(社會組)(臺北校區),"52,148,36"
50402,50,國際企業英語學士學位學程(自然組)(臺北校區),"52,148,36"
50412,50,智慧服務管理英語學士學位學程(社會組)(臺北校區),"52,148,130"
50422,50,智慧服務管理英語學士學位學程(自然組)(臺北校區),"52,148,130"
50432,50,國際企業管理學系外匯數位金融組(高雄校區),"130,9,36,186"
50442,50,國際企業管理學系日韓商務與貿易組(高雄校區),"130,9,36,166"
50452,50,國際企業管理學系品牌行銷企劃組(高雄校區),"130,9,36,152"
50462,50,國際企業管理學系德國商務與投資組(高雄校區),"130,9,36"
50472,50,金融管理學系數位金融組(高雄校區),"130,186"
50482,50,金融管理學系金融實務組(高雄校區),"130,186"
50492,50,金融管理學系金融商品組(高雄校區),"130,186"
50502,50,金融管理學系財務數理組(高雄校區),"130,186"
50512,50,金融管理學系科技金融組(高雄校區),"130,186"
50522,50,資訊管理學系物聯網應用組(高雄校區),"130,168"
50532,50,資訊管理學系人工智慧與雲端應用組(高雄校區),"130,168,6"
50542,50,資訊管理學系資訊技術應用組(高雄校區),"130,168"
50552,50,資訊科技與通訊學系App設計組(高雄校區),"158,176"
50562,50,資訊科技與通訊學系人工智慧組(高雄校區),"6,176"
50572,50,資訊科技與通訊學系智慧機器人組(高雄校區),"176,93"
50582,50,資訊科技與通訊學系無人機組(高雄校區),176
50592,50,數位多媒體遊戲設計學系互動遊戲設計組(高雄校區),"48,158"
50602,50,數位多媒體遊戲設計學系數位AI應用設計組(高雄校區),"48,158,6"
50612,50,服飾設計與經營學系品牌經營組(高雄校區),"130,158"
50622,50,觀光管理學系旅運事業組(高雄校區),"130,157"
50632,50,觀光管理學系國際觀光事業規劃組(高雄校區),"130,157"
50642,50,休閒產業管理學系環境教育與休閒規劃設計組(高雄校區),"117,158,130,10"
50652,50,休閒產業管理學系遊憩運動企劃組(高雄校區),"130,10"
50662,50,休閒產業管理學系精品咖啡烘焙經營組(高雄校區),"130,10"
50672,50,應用日文學系(高雄校區),81
50682,50,應用日文學系商務組(高雄校區),81
50692,50,應用日文學系翻譯組(高雄校區),"136,81"
50702,50,應用日文學系實習組(高雄校區),81
50712,50,音樂學系(臺北校區),194
50722,50,音樂學系Ｂ組(臺北校區),194
50732,50,數位多媒體遊戲設計學系數位多媒體設計組(高雄校區),"48,158"
50742,50,數位多媒體遊戲設計學系遊戲美術設計組(高雄校區),"135,48,158"
50752,50,電腦動畫學士學位學程2D組(高雄校區),"52,25"
50762,50,電腦動畫學士學位學程3D組(高雄校區),"52,25"
50772,50,電腦動畫學士學位學程2D3D特效通修組(高雄校區),"52,25"
50782,50,電腦動畫學士學位學程特效組(高雄校區),"52,25"
50792,50,服飾設計與經營學系流行設計組(高雄校區),"130,158"
50802,50,服飾設計與經營學系飾品設計組(高雄校區),"130,158"
50812,50,時尚設計學系媒體傳達設計組(高雄校區),"158,87"
50822,50,時尚設計學系整體造型設計組(高雄校區),"158,87"
50832,50,觀光管理學系自然旅遊與運動觀光組(高雄校區),"130,157"
51012,51,企業管理學系行銷組,"130,9,152"
51022,51,企業管理學系數位經營組,"130,9"
51032,51,企業管理學系企業永續發展組,"130,9"
51042,51,企業管理學系創新應用組,"130,9,23"
51052,51,國際企業學系智慧行銷組,"36,152"
51062,51,國際企業學系金融貿易組,"36,186,166"
51072,51,國際企業學系航運物流組,"146,36,111"
51082,51,會計資訊學系財務應用組,89
51092,51,會計資訊學系稅務應用組,"165,89"
51102,51,會計資訊學系產業實習組,89
51112,51,航運管理學系,"146,130,179"
51122,51,土地管理與開發學系土地管理組,"41,130"
51132,51,土地管理與開發學系開發規劃組,"41,130"
51142,51,財務金融學系金融科技組,"164,186"
51152,51,財務金融學系投資資訊組,"164,186"
51162,51,財務金融學系金融理財組,"164,186"
51172,51,財務金融學系產業實習組,"164,186"
51182,51,觀光與餐飲管理學系觀光旅遊組,"130,157"
51192,51,觀光與餐飲管理學系餐酒廚藝組,"61,130,157"
51202,51,觀光與餐飲管理學系國際雙聯組,"130,157"
51212,51,觀光與餐飲管理學系(青年儲蓄帳戶組),"192,130,157"
51222,51,醫務管理學系醫療機構管理組,"130,13"
51232,51,醫務管理學系智慧長照組,"130,187,13"
51242,51,生物科技學系生技醫學組,"120,123,182"
51252,51,生物科技學系生物檢測組,"120,123"
51262,51,生物科技學系(青年儲蓄帳戶組),"192,120,123"
51272,51,健康心理學系,68
51282,51,保健營養學系,108
51292,51,護理學系,162
51302,51,職業安全與衛生學系職業安全衛生管理組,"130,137"
51312,51,職業安全與衛生學系安全衛生AI科技組,"6,137"
51322,51,職業安全與衛生學系職業安全組,137
51332,51,職業安全與衛生學系職業衛生組,137
51342,51,職業安全與衛生學系(青年儲蓄帳戶組),"192,137"
51352,51,食品安全衛生與檢驗學士學位學程食品安全管理組,"52,130,196,137"
51362,51,食品安全衛生與檢驗學士學位學程食品科技組,"52,196,137"
51372,51,食品安全衛生與檢驗學士學位學程食品檢驗組,"52,196,137"
51382,51,消防安全學士學位學程消防實務管理組,"52,106,130"
51392,51,消防安全學士學位學程火場鑑識組,"52,106"
51402,51,消防安全學士學位學程消防防災技術組,"52,106"
51412,51,消防安全學士學位學程(青年儲蓄帳戶組),"192,52,106"
51422,51,綠能與環境資源學系綠能產業管理組,"117,130,140"
51432,51,綠能與環境資源學系綠能產業實務組,"117,140"
51442,51,綠能與環境資源學系綠能環境科技組,"117,140"
51452,51,營建工程安全學士學位學程,52
51462,51,大眾傳播學系,14
51472,51,翻譯學系智慧科技與經貿媒體跨域組,"172,136"
51482,51,翻譯學系語文教學與觀光會展實務組,"136,157"
51492,51,社會工作學系,127
51502,51,社會工作學系(青年儲蓄帳戶組),"192,127"
51512,51,應用日語學系語文翻譯組,"85,136"
51522,51,應用日語學系國際觀光產業組,"85,157"
51532,51,數位媒體設計學系數位媒體設計組,"48,158"
51542,51,數位媒體設計學系互動設計組,"48,158"
51552,51,資訊工程學系,170
51562,51,美術學系藝術創作組,135
51572,51,美術學系應用藝術組,135
51582,51,書畫藝術學系甲組,"25,48,190"
51592,51,書畫藝術學系乙組,"25,48,190"
51602,51,運動競技學系,129
56012,56,圖文傳播藝術學系,14
56022,56,廣播電視學系,65
56032,56,電影學系,65
56042,56,戲劇學系,69
56052,56,音樂學系,194
56062,56,中國音樂學系作曲組,194
56072,56,中國音樂學系聲樂組,194
56082,56,中國音樂學系管樂組,194
56092,56,中國音樂學系彈弦組,194
56102,56,中國音樂學系撥弦組,194
56112,56,中國音樂學系擦弦組（一）–胡琴,194
56122,56,中國音樂學系擦弦組（二）–低音擦弦,194
56132,56,中國音樂學系擊樂組,194
56142,56,美術學系,135
56152,56,書畫藝術學系,"25,48"
56162,56,雕塑學系,135
56172,56,古蹟藝術修護學系,80
56182,56,視覺傳達設計學系,"158,156"
56192,56,工藝設計學系,"135,158"
56202,56,多媒體動畫藝術學系,"25,48"
56212,56,舞蹈學系,143
58012,58,中國語文學系,81
58022,58,外國語文學系,"47,81"
58032,58,社會政策與社會工作學系,"127,73"
58042,58,公共行政與政策學系,"20,73"
58052,58,歷史學系,96
58062,58,東南亞學系,30
58072,58,國際企業學系,36
58082,58,經濟學系,134
58092,58,資訊管理學系,"130,168"
58102,58,資訊管理學系(資安組),"130,168,169"
58112,58,財務金融學系,"164,186"
58122,58,觀光休閒與餐旅管理學系觀光休閒組,"130,157,197,10"
58132,58,觀光休閒與餐旅管理學系餐旅管理組,"130,157,197,10"
58142,58,管理學院學士班,"52,130"
58152,58,國際文教與比較教育學系,74
58162,58,教育政策與行政學系,73
58172,58,諮商心理與人力資源發展學系諮商心理組,"161,7"
58182,58,諮商心理與人力資源發展學系終身學習與人力資源發展組,"161,7"
58192,58,教育學院學士班教育科技與數位學習組,"52,74,75"
58202,58,教育學院學士班教育心理與輔導組,"52,161,74"
58212,58,資訊工程學系,170
58222,58,資訊工程學系(APCS組),170
58232,58,資訊工程學系(資安組),"170,169"
58242,58,土木工程學系,43
58252,58,電機工程學系,190
58262,58,應用化學系,28
58272,58,應用材料及光電工程學系,"15,90"
58282,58,科技學院學士班,52
58292,58,科技學院學士班(資安組),"52,169"
58302,58,護理學系,162
59012,59,財務金融學系,"164,186"
59022,59,財務金融學系證券投資組,"164,186"
59032,59,財務金融學系AI智慧理財組,"164,186,6"
59042,59,企業管理學系經營管理組,"130,9"
59052,59,企業管理學系行銷企劃組,"130,9,152"
59062,59,企業管理學系創新創業組,"130,9,23"
59072,59,企業管理學系人力資源組,"7,130,9"
59082,59,文化創意事業管理學系AI應用組,"130,77,6"
59092,59,文化創意事業管理學系永續創生組,"130,77"
59102,59,旅遊管理學系AI遊程規劃組,"130,157,6"
59112,59,旅遊管理學系智慧觀光導覽組,"130,157"
59122,59,旅遊管理學系旅館管理組,"130,157,197"
59132,59,旅遊管理學系餐宴廚藝組,"61,130,157"
59142,59,管理學院國際企業學士學位學程,"52,130,36"
59152,59,管理學院國際企業學士學位學程國際數位行銷組,"52,130,36,152"
59162,59,生死學系社會工作組,"97,127"
59172,59,生死學系殯葬服務組,97
59182,59,生死學系諮商組,"97,161"
59192,59,幼兒教育學系,"74,60"
59202,59,文學系,81
59212,59,文學系藝文創作組,81
59222,59,外國語文學系應用英語組,"148,47,81"
59232,59,外國語文學系英日語組,"85,47,81"
59242,59,應用社會學系社會學組研究調查組,126
59252,59,應用社會學系社會學組社會設計組,"158,126"
59262,59,應用社會學系社會工作組,"126,127"
59272,59,應用社會學系社會工作組長期照顧管理組,"126,127,130"
59282,59,應用社會學系社會工作組家庭社會工作組,"126,127"
59292,59,應用社會學系社會工作組兒少社會工作組,"126,127"
59302,59,傳播學系廣告公關新聞組,"14,84,62,22"
59312,59,傳播學系數位影音製作組,14
59322,59,傳播學系影劇表演藝術組,"153,14"
59332,59,國際事務與企業學系,"19,130,166"
59342,59,國際事務與企業學系國際政經與貿易組,166
59352,59,國際事務與企業學系公共事務與管理組,"19,130"
59362,59,視覺藝術與設計學系繪畫文創組,"135,158"
59372,59,視覺藝術與設計學系數位設計組,158
59382,59,民族音樂學系,194
59392,59,建築學系,63
59402,59,建築學系社會組,63
59412,59,建築學系自然組,63
59422,59,產品與室內設計學系,"158,54"
59432,59,產品與室內設計學系(青年儲蓄帳戶組),"192,158,54"
59442,59,資訊工程學系,170
59452,59,資訊工程學系人工智慧組,"170,6"
59462,59,資訊工程學系資訊電子組,"170,189"
59472,59,資訊工程學系互動遊戲設計組,"158,170"
59482,59,自然生物科技學系,"120,123"
59492,59,自然生物科技學系生技療癒組,"120,123"
59502,59,自然生物科技學系食品生技組,"120,196,123"
59512,59,資訊管理學系,"130,168"
59522,59,資訊管理學系人工智慧組,"130,168,6"
59532,59,資訊管理學系大數據分析組,"130,168,49"
60012,60,體育學系(一般組),198
60022,60,休閒運動學系,"10,178"
60032,60,運動事業管理學系,130
60042,60,運動健康科學學系(一般組),"192,198,3,81"
60052,60,運動健康科學學系(青年儲蓄帳戶組),192
60062,60,運動資訊與傳播學系,14
60072,60,體育學系(運動專長組),198
63012,63,藝術史學系,192
63022,63,藝術史學系(青年儲蓄帳戶組),192
63032,63,應用音樂學系,194
63042,63,材質創作與設計系,158
65012,65,社會工作學系,127
65022,65,應用心理學系,68
65032,65,法律學系,102
65042,65,大眾傳播學系,14
65052,65,應用日語學系,85
65062,65,餐旅管理學系,"130,197"
65072,65,視覺傳達設計學系,"158,156"
65082,65,藝術與創意設計學系,158
79012,79,人文與資訊學系文化應用組,89
79022,79,人文與資訊學系數位應用組,"47,89"
79032,79,宗教文化與資訊管理學系,"53,130,168"
79042,79,宗教文化與資訊管理學系生命關懷組,"53,130,168"
79052,79,宗教文化與資訊管理學系資訊與文創組,"53,130,168"
79062,79,宗教文化與資訊管理學系(青年儲蓄帳戶組),"192,53,130,168"
79072,79,應用日語學系,85
79082,79,應用日語學系(青年儲蓄帳戶組),"192,85"
79092,79,統計資訊與精算學系一般組,"131,133"
79102,79,統計資訊與精算學系商業應用組,"131,133"
79112,79,資訊工程學系科技應用組,170
79122,79,資訊工程學系人工智慧應用組,"170,6"
79132,79,資訊工程學系多媒體遊戲設計組,"48,158,170"
79142,79,法律學系財經科技法律組,102
79152,79,法律學系法律應用實務組,102
79162,79,財務金融學系,"164,186"
79172,79,國際經營與貿易學系,"130,166"
79182,79,國際經營與貿易學系會計資訊組,"130,89,166"
79192,79,經濟學系,134
79202,79,企業管理學系,"130,9"
79212,79,企業管理學系(青年儲蓄帳戶組),"192,130,9"
79222,79,運動管理學系,130
79232,79,運動資訊傳播學系,14
79242,79,觀光事業學系,"130,157"
79252,79,觀光事業學系(青年儲蓄帳戶組),"130,192,157"
79262,79,航空事業學系,130
79272,79,音樂應用學系-藝術行政與經紀組,194
79282,79,音樂應用學系-音樂表演與創作組,194
99012,99,法律學系法學組,102
99022,99,法律學系法學組(飛鳶組),102
99032,99,法律學系司法組,"102,115"
99042,99,法律學系司法組(飛鳶組),"102,115"
99052,99,法律學系財經法組,102
99062,99,法律學系財經法組(飛鳶組),102
99072,99,企業管理學系,"130,9"
99082,99,企業管理學系(飛鳶組),"130,9"
99092,99,金融與合作經營學系,"130,186"
99102,99,金融與合作經營學系(飛鳶組),"130,186"
99112,99,會計學系,89
99122,99,會計學系(飛鳶組),89
99132,99,統計學系,133
99142,99,統計學系(飛鳶組),133
99152,99,休閒運動管理學系,"130,10"
99162,99,休閒運動管理學系(飛鳶組),"130,10"
99172,99,公共行政暨政策學系,"20,73"
99182,99,公共行政暨政策學系(飛鳶組),"20,73"
99192,99,財政學系,165
99202,99,財政學系(飛鳶組),165
99212,99,不動產與城鄉環境學系甲組,"117,180,2"
99222,99,不動產與城鄉環境學系乙組,"117,180,2"
99232,99,不動產與城鄉環境學系(飛鳶組),"117,180,2"
99242,99,經濟學系,134
99252,99,經濟學系(飛鳶組),134
99262,99,社會學系,126
99272,99,社會學系(飛鳶組),126
99282,99,社會工作學系,127
99292,99,社會工作學系(飛鳶組),127
99302,99,中國文學系,"3,81"
99312,99,中國文學系(飛鳶組),"3,81"
99322,99,應用外語學系,47
99332,99,應用外語學系(飛鳶組),47
99342,99,歷史學系,96
99352,99,歷史學系(飛鳶組),96
99362,99,資訊工程學系,170
99372,99,資訊工程學系(APCS組),170
99382,99,資訊工程學系(飛鳶組),170
99392,99,通訊工程學系,176
99402,99,通訊工程學系(飛鳶組),176
99412,99,電機工程學系,190
99422,99,電機工程學系(飛鳶組),190
100012,100,教育學系,74
100022,100,輔導與諮商學系,"161,35"
100032,100,特殊教育學系,"74,114"
100042,100,幼兒教育學系,"74,60"
100052,100,數位學習設計與管理學系,"158,130,75"
100062,100,中國文學系,"3,81"
100072,100,應用歷史學系,96
100082,100,外國語言學系英語教學組,"148,159"
100092,100,外國語言學系應用外語組,"47,159"
100102,100,企業管理學系,"130,9"
100112,100,應用經濟學系,134
100122,100,科技管理學系,130
100132,100,資訊管理學系,"130,168"
100142,100,資訊管理學系(資安組),"130,168,169"
100152,100,行銷與觀光管理學系,"130,152,157"
100162,100,財務金融學系,"164,186"
100172,100,財務金融學系(青年儲蓄帳戶組),"192,164,186"
100182,100,農藝學系,175
100192,100,園藝學系,39
100202,100,森林暨自然資源學系,"142,91"
100212,100,木質材料與設計學系,"158,90"
100222,100,動物科學系,24
100232,100,農業生物科技學系,"120,123"
100242,100,景觀學系,88
100252,100,植物醫學系,"92,182"
100262,100,電子物理學系,"112,189"
100272,100,應用化學系,28
100282,100,應用數學系,76
100292,100,資訊工程學系,170
100302,100,資訊工程學系(APCS組),170
100312,100,生物機電工程學系,"95,120,122"
100322,100,土木與水資源工程學系,43
100332,100,電機工程學系,190
100342,100,機械與能源工程學系,"94,140"
100352,100,食品科學系,196
100362,100,水生生物科學系,120
100372,100,生物資源學系,"120,124"
100382,100,生化科技學系,123
100392,100,微生物免疫與生物藥學系,"120,66,151"
100402,100,獸醫學系,"116,182"
100412,100,音樂學系(A組),194
100422,100,音樂學系(B組),194
100432,100,視覺藝術學系,"135,48,158"
100442,100,體育與健康休閒學系,"10,198"
101012,101,西洋語文學系,81
101022,101,運動健康與休閒學系,10
101032,101,東亞語文學系日語組,"85,81"
101042,101,東亞語文學系韓語組,"193,81"
101052,101,東亞語文學系越語組,81
101062,101,法律學系,102
101072,101,政治法律學系,102
101082,101,財經法律學系,102
101092,101,應用經濟學系,134
101102,101,亞太工商管理學系企業管理組,"130,9,56"
101112,101,亞太工商管理學系工業管理組,"130,56"
101122,101,資訊管理學系,"130,168"
101132,101,資訊管理學系(資安組),"130,168,169"
101142,101,財務金融學系,"164,186"
101152,101,財務金融學系(青年儲蓄帳戶組),"192,164,186"
101162,101,應用數學系,76
101172,101,應用化學系,28
101182,101,應用物理學系,112
101192,101,生命科學系,120
101202,101,電機工程學系,190
101212,101,土木與環境工程學系土木工程組,"43,118"
101222,101,土木與環境工程學系環境工程組,"43,118"
101232,101,化學工程及材料工程學系,"28,29,90"
101242,101,資訊工程學系,170
101252,101,資訊工程學系(資安組),"170,169"
101262,101,建築學系,63
101272,101,工藝與創意設計學系,"135,158"
108012,108,醫學系,182
108022,108,醫學系(公費生),182
108032,108,藥學系,151
108042,108,醫學檢驗生物技術學系,"120,123,184"
108052,108,物理治療學系,"112,113"
108062,108,公共衛生學系,21
108072,108,分子生物暨人類遺傳學系,120
108082,108,醫學影像暨放射科學系,"182,183"
108092,108,護理學系,162
108102,108,醫學資訊學系,185
108112,108,生物醫學暨工程學系,182
108122,108,傳播學系,14
108132,108,兒童發展與家庭教育學系,"16,74"
108142,108,社會工作學系,127
108152,108,人類發展與心理學系,68
108162,108,東方語文學系,81
108172,108,外國語文學系,"47,81"
108182,108,資訊科技與管理學系,130
108192,108,醫務暨健康管理學系,"130,13"
108202,108,經營管理學系,130
108212,108,國際服務產業管理學士學位學程,"52,130"
108222,108,翔飛A組,70
109012,109,醫學系,182
109022,109,醫學系(公費生),182
109032,109,牙醫學系,"182,109"
109042,109,藥學系藥學組,151
109052,109,藥學系藥學組(英語組),"148,151"
109062,109,藥學系臨床藥學組,151
109072,109,醫學檢驗暨生物技術學系,"120,123,184"
109082,109,護理學系,162
109092,109,保健營養學系,108
109102,109,公共衛生學系,21
109112,109,醫務管理學系,"130,13"
109122,109,呼吸治療學系,33
109132,109,高齡健康暨長期照護學系,"187,199"
109142,109,牙體技術學系,110
109152,109,口腔衛生學系,21
109162,109,生物醫學工程學系,125
109172,109,食品安全學系,196
109182,109,醫學系（展翅A組）,"70,182"
109192,109,牙醫學系（展翅B組）,"70,182,109"
109202,109,展翅C組,70
109212,109,展翅D組,70
109222,109,展翅E組,70
110012,110,企業與創業管理學系,"130,23"
110022,110,企業與創業管理學系(青年儲蓄帳戶組),"192,130,23"
110032,110,國際企業學系,36
110042,110,商學院國際榮譽學士學位學程,"52,35"
110052,110,國際物流與運輸管理學系,"130,111,179"
110062,110,空運管理學系,130
110072,110,觀光與餐飲旅館學系,"157,197"
110082,110,觀光與餐飲旅館學系(青年儲蓄帳戶組),"192,157,197"
110092,110,休閒事業管理學系,"130,10"
110102,110,資訊管理學系,"130,168"
110112,110,資訊管理學系(APCS組),"130,168"
110122,110,資訊管理學系(青年儲蓄帳戶組),"192,130,168"
110132,110,資訊傳播學系,14
110142,110,電影與創意媒體學系,65
110152,110,法律學系,102
110162,110,應用日語學系,85
110172,110,應用日語學系(青年儲蓄帳戶組),"192,85"
110182,110,應用英語學系,148
110192,110,保健營養學系,108
110202,110,健康產業管理學系,"12,130"
110212,110,AI科技與創新設計學士學位學程,"52,158,23,6"
110222,110,AI科技與創新設計學士學位學程(APCS組),"52,158,23,6"
112012,112,嬰幼兒保育學系(台北校區),187
112022,112,長期照護學系(台北校區),187
113012,113,財務金融學系,"164,186"
113022,113,財經法律學系,102
113032,113,企業管理學系,"130,9"
113042,113,金融管理學院學士班,"52,130,186"
113052,113,科技金融學系,186
113062,113,運動產業管理學士學位學程,"52,130"
113072,113,財務金融學系(青年儲蓄帳戶組),"192,164,186"
130012,130,建築環境設計學士學位學程（社會組）,"117,52,158,63"
130022,130,建築環境設計學士學位學程（自然組）,"117,52,158,63"
130032,130,傳播學系（數位媒體與智能創作組）,"48,14"
130042,130,傳播學系（廣告公關與精準行銷組）,"14,62,22,152"
130052,130,傳播學系（流行音樂傳播與策展組）,"194,14"
130062,130,資訊應用學系（資訊系統與AI應用組）,"170,6"
130072,130,資訊應用學系（動畫與視覺特效組）,"170,25"
130082,130,資訊應用學系（數位遊戲開發組）,"177,170"
130092,130,資訊應用學系（虛擬製作與互動科技組）,170
130102,130,語文學系（華語文創組）,"149,81"
130112,130,語文學系（應用英日語組）,"85,81"
130122,130,語文學系（應用英韓語組）,"193,81"
130132,130,語文學系（歷史與文化傳播組）,"81,96,14"
130142,130,歷史學系,96
130152,130,社會學暨社會工作學系(A 組),"126,127"
130162,130,社會學暨社會工作學系(B 組),"126,127"
130172,130,心理學系,68
130182,130,公共行政與國際事務學系（國際與兩岸事務組）,"18,20"
130192,130,公共行政與國際事務學系（行政管理組）,"20,130"
130202,130,公共行政與國際事務學系（科技應用與地方創生組）,20
130212,130,公共行政與國際事務學系（宗教事務組）,"53,20"
130222,130,運動與健康促進管理學士學位學程,"52,130"
130232,130,管理學系,130
130242,130,應用經濟學系（財務金融組）,"164,186,134"
130252,130,應用經濟學系（國際商務組）,"37,134"
130262,130,樂活產業學系（永續生活組）,12
130272,130,樂活產業學系（輔助療法組）,12
130282,130,健康與創意蔬食產業學系,150
130292,130,產品與媒體設計學系（智慧產品設計組）,158
130302,130,產品與媒體設計學系（視覺媒體設計組）,158
134012,134,健康產業管理學系跨領域高齡智慧照顧組,"12,172,130,199"
134022,134,健康產業管理學系醫療機構管理組,"12,130"
134032,134,食品營養與保健生技學系食品營養組,"196,123,108"
134042,134,食品營養與保健生技學系藥用化粧品醫美組,"196,123,108"
134052,134,醫學檢驗暨生物技術學系醫事檢驗組,"120,123,184,181"
134062,134,醫學檢驗暨生物技術學系生物技術組,"120,123,184"
134072,134,心理學系心理師研修組,68
134082,134,心理學系諮商與臨床心理組,"68,161"
134092,134,心理學系諮商與臨床心理組（青年儲蓄帳戶組）,"192,68,161"
134102,134,心理學系工商與社會心理組,68
134112,134,視光學系,155
134122,134,聽力暨語言治療學系,"160,139"
134132,134,職能治療學系,138
134142,134,物理治療學系,"112,113"
134152,134,護理學系國際護理組,162
134162,134,護理學系智慧護理組,162
134172,134,護理學系臨床照護組,162
134182,134,長期照護學系,187
134192,134,生物資訊與醫學工程學系生醫資訊組,"120,125"
134202,134,生物資訊與醫學工程學系醫學工程組,"120,125"
134212,134,資訊工程學系人工智慧與機器人組,"170,6,93"
134222,134,資訊工程學系半導體資訊組,"170,31"
134232,134,資訊工程學系(APCS組),170
134242,134,資訊工程學系(資安組),"170,169"
134252,134,人工智慧學系,6
134262,134,資訊傳播學系,14
134272,134,經營管理學系行銷與企業管理組,"130,9,152"
134282,134,經營管理學系休閒遊憩管理組,"130,10"
134292,134,會計與資訊學系,89
134302,134,財務金融學系智能投資組,"164,186"
134312,134,財務金融學系金融科技組,"164,186"
134322,134,財經法律學系,102
134332,134,社會工作學系兒少與家庭社工組,127
134342,134,社會工作學系醫務與心衛社工組,127
134352,134,幼兒教育學系,"74,60"
134362,134,數位媒體設計學系動漫遊戲組,"48,158"
134372,134,數位媒體設計學系視覺傳達組,"48,158,156"
134382,134,創意商品設計學系,158
134392,134,時尚設計學系,"158,87"
134402,134,室內設計學系,"158,54"
150012,150,外國語文學系,"47,81"
150022,150,應用經濟與管理學系,130
150032,150,休閒產業與健康促進學系,10
150042,150,土木工程學系,43
150052,150,機械與機電工程學系,"95,94"
150062,150,化學工程與材料工程學系,"28,29,90"
150072,150,環境工程學系,118
150082,150,生物機電工程學系,"95,120,122"
150092,150,食品科學系,196
150102,150,生物技術與動物科學系,"120,24,123"
150112,150,森林暨自然資源學系,"142,91"
150122,150,園藝學系,39
150132,150,電機工程學系,190
150142,150,電子工程學系,189
150152,150,資訊工程學系,170
150162,150,資訊工程學系(APCS組),170
150172,150,資訊工程學系(資安組),"170,169"
151012,151,機械工程學系,94
151022,151,化學工程學系,"28,29"
151032,151,土木與防災工程學系,43
151042,151,材料科學工程學系,90
151052,151,環境與安全衛生工程學系,"117,137"
151062,151,能源工程學系,140
151072,151,建築學系,63
151082,151,工業設計學系,"158,58"
151092,151,電機工程學系,190
151102,151,電子工程學系(A組),189
151112,151,電子工程學系(B組),189
151122,151,光電工程學系,15
151132,151,資訊工程學系,170
151142,151,經營管理學系,130
151152,151,資訊管理學系,"130,168"
151162,151,資訊管理學系(APCS組),"130,168"
151172,151,財務金融學系,"164,186"
151182,151,臺灣語文與傳播學系,14
151192,151,華語文學系,"149,81"
151202,151,文化觀光產業學系,157
151212,151,文化創意與數位行銷學系,"152,77"
152012,152,醫學系,182
152022,152,護理學系,162
152032,152,聽力暨語言治療學系聽力組,"160,139"
152042,152,聽力暨語言治療學系語言組,"160,139"
152052,152,視光學系,155
152062,152,醫學檢驗暨再生醫學學系,"182,184"
152072,152,醫學系(薪傳組),182
152082,152,護理學系(薪傳組),162
152092,152,聽力暨語言治療學系聽力組(薪傳組),"160,139"
152102,152,視光學系(薪傳組),155
152112,152,醫學檢驗暨再生醫學學系(薪傳組),"182,184"
152122,152,聽力暨語言治療學系聽力組(青年儲蓄帳戶組),"192,160,139"
153012,153,應用英語學系,148
153022,153,運動與休閒學系,10
153032,153,企業管理學系,"130,9"
153042,153,電機工程學系,190
153052,153,電機工程學系(APCS組),190
153062,153,食品科學系,196
153072,153,土木與工程管理學系,"130,43"
153082,153,觀光管理學系,"130,157"
153092,153,資訊工程學系,170
153102,153,資訊工程學系(APCS組),170
153112,153,資訊工程學系(資安組),"170,169"
153122,153,建築學系,63
153132,153,國際暨大陸事務學系,18
153142,153,華語文學系,"149,81"
153152,153,海洋與邊境管理學系,130
153162,153,工業工程與管理學系,"130,57"
153172,153,護理學系(A組),162
153182,153,護理學系(B組),162
153192,153,長期照護學系,187
153202,153,社會工作學系,127
153212,153,都市計畫與景觀學系,"180,88"
154012,154,基督教博雅學系,192
154022,154,基督教博雅學系(青年儲蓄帳戶組),192
